overall,potential,wage_eur,age,height_cm,weight_kg,international_reputation,pace,shooting,passing,dribbling,physic,contribution_type,league_name,club_name,attacking,skill,power,mentality,goalkeeping,movement
93.0,93.0,320000.0,34.0,170.0,72.0,5.0,85.0,92.0,91.0,95.0,65.0,1.0,French Ligue 1,Paris Saint-Germain,85.8,94.0,77.8,73.83333333333333,17.516666666666666,90.2
92.0,92.0,270000.0,32.0,185.0,81.0,5.0,78.0,92.0,79.0,86.0,82.0,1.0,German 1. Bundesliga,FC Bayern München,86.0,81.4,84.8,80.66666666666667,17.016666666666666,81.6
91.0,91.0,270000.0,36.0,187.0,83.0,5.0,87.0,94.0,80.0,88.0,75.0,1.0,English Premier League,Manchester United,87.6,83.6,87.2,74.33333333333333,18.183333333333334,85.4
91.0,91.0,270000.0,29.0,175.0,68.0,5.0,91.0,83.0,86.0,94.0,63.0,1.0,French Ligue 1,Paris Saint-Germain,80.6,89.2,71.8,77.0,18.349999999999998,90.2
91.0,91.0,350000.0,30.0,181.0,70.0,4.0,76.0,86.0,93.0,88.0,78.0,1.0,English Premier League,Manchester City,81.4,88.0,81.6,82.66666666666667,17.849999999999998,80.0
91.0,95.0,230000.0,22.0,182.0,73.0,4.0,97.0,88.0,80.0,92.0,77.0,1.0,French Ligue 1,Paris Saint-Germain,82.2,80.8,82.2,73.5,15.516666666666666,92.4
90.0,90.0,86000.0,35.0,193.0,93.0,5.0,72.0,67.3,72.4,78.2,72.3,0.0,German 1. Bundesliga,FC Bayern München,24.8,33.8,56.8,43.0,83.33333333333333,57.4
90.0,90.0,240000.0,27.0,188.0,89.0,4.0,70.0,91.0,83.0,83.0,83.0,1.0,English Premier League,Tottenham Hotspur,86.6,80.4,84.8,81.16666666666667,17.516666666666666,74.4
90.0,90.0,230000.0,30.0,168.0,70.0,4.0,78.0,66.0,75.0,82.0,83.0,1.0,English Premier League,Chelsea,65.0,67.4,76.4,78.66666666666667,17.516666666666666,84.8
89.0,89.0,220000.0,28.0,183.0,78.0,4.0,88.0,87.0,82.0,86.0,69.0,1.0,English Premier League,Tottenham Hotspur,80.2,80.8,77.8,72.83333333333333,17.349999999999998,86.0
89.0,89.0,230000.0,29.0,193.0,92.0,4.0,78.0,60.0,71.0,72.0,84.0,0.0,English Premier League,Liverpool,63.2,72.4,79.2,72.83333333333333,18.183333333333334,71.0
89.0,89.0,270000.0,29.0,175.0,69.0,4.0,91.0,83.0,80.0,89.0,77.0,1.0,English Premier League,Liverpool,81.4,78.0,81.4,73.16666666666667,17.849999999999998,91.0
89.0,89.0,270000.0,29.0,175.0,71.0,4.0,90.0,87.0,81.0,90.0,75.0,1.0,English Premier League,Liverpool,78.8,81.2,79.0,78.0,18.849999999999998,90.8
89.0,91.0,200000.0,27.0,188.0,86.0,3.0,76.9,72.6,78.5,82.7,71.6,0.0,English Premier League,Manchester City,25.4,32.8,54.6,46.0,83.66666666666667,64.6
89.0,90.0,160000.0,26.0,177.0,75.0,4.0,70.0,73.0,86.0,84.0,79.0,0.0,German 1. Bundesliga,FC Bayern München,77.4,80.8,80.6,77.83333333333333,18.516666666666666,79.6
89.0,90.0,190000.0,28.0,191.0,91.0,3.0,74.5,69.1,78.0,81.0,74.5,0.0,English Premier League,Liverpool,24.8,27.6,47.8,34.166666666666664,81.16666666666667,53.4
89.0,93.0,110000.0,22.0,196.0,90.0,3.0,79.6,75.7,74.9,82.2,76.6,0.0,French Ligue 1,Paris Saint-Germain,16.0,23.6,51.0,37.0,80.0,58.4
88.0,88.0,115000.0,35.0,184.0,82.0,4.0,70.0,70.0,76.0,74.0,84.0,0.0,French Ligue 1,Paris Saint-Germain,74.8,76.2,79.6,83.5,16.0,75.0
88.0,88.0,260000.0,28.0,191.0,94.0,4.0,84.0,87.0,74.0,78.0,83.0,1.0,English Premier League,Chelsea,81.8,74.8,81.0,72.66666666666667,17.516666666666666,74.2
88.0,89.0,250000.0,26.0,179.0,69.0,3.0,75.0,86.0,89.0,84.0,77.0,1.0,English Premier League,Manchester United,82.4,86.4,82.4,83.16666666666667,19.016666666666666,80.0
88.0,93.0,110000.0,20.0,194.0,94.0,4.0,89.0,91.0,65.0,80.0,88.0,1.0,German 1. Bundesliga,Borussia Dortmund,75.0,70.6,86.0,74.66666666666667,17.0,82.2
87.0,87.0,125000.0,34.0,188.0,82.0,4.0,73.2,64.9,74.9,77.0,74.6,0.0,English Premier League,Tottenham Hotspur,18.8,23.0,44.2,37.166666666666664,78.5,63.4
87.0,87.0,140000.0,31.0,185.0,76.0,4.0,67.0,84.0,83.0,80.0,71.0,1.0,German 1. Bundesliga,FC Bayern München,84.6,76.0,77.8,75.83333333333333,17.05,74.2
87.0,87.0,220000.0,28.0,191.0,84.0,4.0,71.0,81.0,86.0,86.0,83.0,0.0,English Premier League,Manchester United,79.6,87.4,84.4,80.16666666666667,11.85,72.6
87.0,87.0,155000.0,28.0,165.0,60.0,3.0,64.0,61.0,87.0,91.0,67.0,1.0,French Ligue 1,Paris Saint-Germain,70.6,84.2,63.0,83.16666666666667,19.183333333333334,80.0
87.0,90.0,135000.0,27.0,183.0,75.0,3.0,81.0,53.0,75.0,74.0,81.0,0.0,French Ligue 1,Paris Saint-Germain,65.2,64.6,72.6,74.83333333333333,16.166666666666668,77.0
87.0,88.0,140000.0,26.0,189.0,82.0,4.0,81.0,82.0,82.0,84.0,86.0,0.0,German 1. Bundesliga,FC Bayern München,79.6,81.2,85.2,79.66666666666667,17.716666666666665,79.2
87.0,88.0,175000.0,27.0,178.0,64.0,3.0,84.0,61.0,81.0,81.0,76.0,0.0,English Premier League,Liverpool,64.8,78.6,72.6,77.16666666666667,16.849999999999998,81.0
87.0,92.0,150000.0,22.0,180.0,69.0,3.0,79.0,68.0,88.0,80.0,72.0,0.0,English Premier League,Liverpool,73.8,85.2,74.8,76.0,17.849999999999998,77.0
87.0,91.0,150000.0,21.0,180.0,76.0,3.0,81.0,76.0,82.0,91.0,65.0,1.0,English Premier League,Manchester United,74.6,80.2,66.8,66.83333333333333,17.183333333333334,85.8
87.0,91.0,170000.0,24.0,187.0,82.0,3.0,61.0,38.0,65.0,68.0,88.0,0.0,English Premier League,Manchester City,56.6,61.2,70.0,65.5,16.349999999999998,64.8
86.0,86.0,95000.0,32.0,191.0,96.0,4.0,56.0,59.0,77.0,73.0,77.0,0.0,German 1. Bundesliga,Borussia Dortmund,70.6,70.6,68.4,75.66666666666667,15.283333333333333,64.4
86.0,86.0,180000.0,30.0,174.0,70.0,3.0,63.0,72.0,86.0,90.0,66.0,1.0,English Premier League,Liverpool,74.4,86.6,72.2,79.5,16.183333333333334,78.4
86.0,87.0,88000.0,29.0,197.0,86.0,3.0,72.7,71.5,75.4,79.3,72.5,0.0,German 1. Bundesliga,VfL Wolfsburg,18.4,21.4,50.4,27.666666666666668,77.33333333333333,53.2
86.0,88.0,180000.0,28.0,191.0,81.0,3.0,82.0,49.0,64.0,65.0,82.0,0.0,English Premier League,Manchester United,58.8,61.4,69.6,67.5,16.849999999999998,69.8
86.0,86.0,220000.0,30.0,179.0,67.0,3.0,81.0,79.0,81.0,90.0,60.0,1.0,English Premier League,Manchester City,73.8,84.0,69.2,67.5,17.516666666666666,84.8
86.0,86.0,180000.0,34.0,179.0,74.0,3.0,85.0,84.0,70.0,80.0,73.0,1.0,English Premier League,Leicester City,79.2,69.6,75.2,79.5,18.849999999999998,82.6
86.0,88.0,165000.0,27.0,188.0,78.0,3.0,67.0,69.0,78.0,78.0,83.0,0.0,English Premier League,Liverpool,68.8,73.0,79.0,81.83333333333333,16.349999999999998,69.4
86.0,87.0,185000.0,27.0,182.0,74.0,3.0,85.0,71.0,83.0,84.0,72.0,0.0,English Premier League,Manchester City,74.6,80.2,75.8,74.5,18.183333333333334,82.6
86.0,89.0,185000.0,27.0,191.0,85.0,3.0,63.0,50.0,72.0,69.0,80.0,0.0,English Premier League,Manchester City,61.8,70.2,70.2,69.16666666666667,16.016666666666666,66.0
86.0,89.0,175000.0,25.0,191.0,82.0,3.0,61.0,70.0,77.0,78.0,82.0,0.0,English Premier League,Manchester City,69.8,72.4,80.0,74.0,16.683333333333334,66.4
85.0,85.0,115000.0,34.0,189.0,89.0,2.0,76.8,72.9,75.1,81.2,75.8,0.0,English Premier League,Leicester City,21.0,25.2,46.4,36.666666666666664,77.0,57.2
85.0,85.0,40000.0,32.0,183.0,79.0,3.0,73.4,57.9,65.4,72.6,70.1,0.0,German 1. Bundesliga,Borussia Mönchengladbach,16.8,19.2,52.2,36.5,77.66666666666667,59.4
85.0,85.0,87000.0,31.0,191.0,86.0,3.0,75.4,70.3,74.8,80.4,70.8,0.0,German 1. Bundesliga,RB Leipzig,18.8,20.8,49.0,30.166666666666668,76.0,50.0
85.0,85.0,185000.0,30.0,180.0,80.0,3.0,65.0,80.0,85.0,86.0,72.0,1.0,English Premier League,Manchester City,74.2,85.2,73.6,80.5,16.516666666666666,74.2
85.0,85.0,95000.0,32.0,180.0,71.0,4.0,73.0,84.0,84.0,85.0,63.0,1.0,German 1. Bundesliga,Borussia Dortmund,76.6,84.6,74.0,72.0,18.45,79.6
85.0,85.0,170000.0,31.0,183.0,83.0,3.0,92.0,63.0,76.0,78.0,82.0,0.0,English Premier League,Manchester City,67.6,76.8,80.8,73.16666666666667,18.016666666666666,80.6
85.0,85.0,145000.0,32.0,187.0,80.0,3.0,89.0,85.0,75.0,80.0,69.0,1.0,English Premier League,Arsenal,79.6,76.2,77.6,71.33333333333333,16.516666666666666,81.6
85.0,85.0,185000.0,29.0,181.0,76.0,3.0,77.0,78.0,79.0,89.0,78.0,1.0,English Premier League,Liverpool,79.2,80.2,79.4,76.33333333333333,15.85,82.2
85.0,85.0,170000.0,29.0,180.0,68.0,2.0,55.0,67.0,86.0,81.0,73.0,1.0,English Premier League,Chelsea,71.6,81.2,68.8,81.5,17.849999999999998,68.4
85.0,86.0,110000.0,25.0,176.0,77.0,4.0,83.0,84.0,79.0,86.0,69.0,1.0,German 1. Bundesliga,FC Bayern München,73.4,77.0,76.0,69.66666666666667,16.666666666666668,85.6
85.0,88.0,120000.0,24.0,183.0,74.0,1.0,67.0,62.0,69.0,74.0,83.0,0.0,English Premier League,Leicester City,64.2,68.8,81.6,74.66666666666667,17.333333333333332,71.2
85.0,88.0,100000.0,22.0,181.0,73.0,2.0,95.0,71.0,78.0,83.0,78.0,0.0,French Ligue 1,Paris Saint-Germain,73.6,72.6,78.2,72.0,15.950000000000001,87.8
84.0,84.0,115000.0,30.0,175.0,74.0,3.0,77.0,75.0,80.0,86.0,79.0,1.0,French Ligue 1,Paris Saint-Germain,77.0,81.0,79.8,78.83333333333333,17.333333333333332,82.4
84.0,84.0,140000.0,31.0,182.0,80.0,3.0,66.0,74.0,83.0,79.0,81.0,1.0,English Premier League,Liverpool,75.2,80.4,78.8,78.0,16.55,71.0
84.0,84.0,120000.0,30.0,192.0,82.0,4.0,74.4,69.5,77.0,79.9,73.3,0.0,English Premier League,Manchester United,22.4,27.8,46.8,38.833333333333336,77.33333333333333,60.8
84.0,84.0,88000.0,30.0,170.0,68.0,2.0,82.0,84.0,77.0,87.0,70.0,1.0,French Ligue 1,AS Monaco,80.4,79.6,76.0,74.33333333333333,15.066666666666668,86.4
84.0,84.0,110000.0,27.0,178.0,74.0,2.0,79.0,69.0,80.0,80.0,76.0,0.0,English Premier League,Everton,73.6,80.2,81.6,74.5,16.0,78.6
84.0,85.0,81000.0,28.0,195.0,88.0,3.0,58.1,62.6,68.9,68.3,79.0,0.0,English Premier League,Aston Villa,25.4,28.2,49.6,38.333333333333336,79.33333333333333,58.8
84.0,86.0,155000.0,28.0,194.0,100.0,3.0,50.0,55.0,69.0,70.0,87.0,0.0,English Premier League,Manchester United,62.2,65.0,76.8,71.66666666666667,18.849999999999998,55.0
84.0,86.0,140000.0,25.0,181.0,75.0,2.0,79.0,54.0,79.0,80.0,80.0,0.0,English Premier League,Manchester United,69.0,73.6,73.2,74.83333333333333,16.55,78.2
84.0,85.0,180000.0,25.0,180.0,81.0,3.0,80.0,76.0,83.0,88.0,64.0,1.0,English Premier League,Manchester City,70.2,82.2,66.6,69.33333333333333,17.016666666666666,81.6
84.0,85.0,45000.0,27.0,191.0,86.0,3.0,62.0,58.0,72.0,66.0,79.0,0.0,German 1. Bundesliga,Borussia Mönchengladbach,67.8,60.0,71.2,70.5,15.25,62.6
84.0,84.0,52000.0,28.0,184.0,82.0,3.0,88.0,77.0,82.0,83.0,80.0,1.0,German 1. Bundesliga,Eintracht Frankfurt,75.0,80.2,79.4,74.5,18.633333333333333,82.8
84.0,84.0,79000.0,27.0,170.0,71.0,3.0,75.0,77.0,85.0,88.0,58.0,0.0,German 1. Bundesliga,Borussia Dortmund,74.2,84.8,68.2,71.5,15.633333333333333,83.0
84.0,84.0,130000.0,27.0,175.0,70.0,3.0,83.0,67.0,78.0,82.0,75.0,0.0,English Premier League,Leicester City,71.2,74.2,73.2,75.5,19.166666666666668,81.8
84.0,87.0,125000.0,24.0,176.0,72.0,2.0,63.0,79.0,86.0,80.0,72.0,0.0,English Premier League,Leicester City,78.0,82.2,77.8,78.0,16.666666666666668,70.6
84.0,87.0,105000.0,25.0,183.0,80.0,3.0,90.0,81.0,79.0,85.0,68.0,1.0,German 1. Bundesliga,FC Bayern München,80.4,80.0,73.4,69.0,17.0,84.4
84.0,85.0,110000.0,25.0,185.0,84.0,3.0,74.0,84.0,69.0,83.0,77.0,1.0,German 1. Bundesliga,RB Leipzig,79.2,68.2,80.8,78.16666666666667,17.166666666666668,77.2
83.0,83.0,125000.0,31.0,178.0,77.0,3.0,66.0,55.0,76.0,72.0,76.0,0.0,English Premier League,Chelsea,66.6,70.2,71.6,74.83333333333333,15.5,71.6
83.0,83.0,55000.0,31.0,192.0,83.0,3.0,67.9,59.5,68.7,71.8,72.6,0.0,German 1. Bundesliga,Bayer 04 Leverkusen,14.4,17.8,44.8,29.833333333333332,73.66666666666667,49.2
83.0,84.0,87000.0,29.0,190.0,83.0,3.0,75.4,70.3,74.8,80.4,70.8,0.0,English Premier League,Arsenal,18.2,23.2,51.4,33.5,77.33333333333333,57.0
83.0,83.0,130000.0,29.0,194.0,90.0,2.0,58.0,46.0,68.0,68.0,78.0,0.0,English Premier League,Liverpool,60.2,60.0,67.8,68.66666666666667,17.166666666666668,58.4
83.0,83.0,100000.0,30.0,175.0,74.0,2.0,72.0,71.0,77.0,82.0,79.0,0.0,English Premier League,Everton,68.0,72.0,73.6,76.5,15.616666666666667,78.6
83.0,83.0,83000.0,28.0,179.0,85.0,2.0,73.0,85.0,79.0,80.0,86.0,1.0,French Ligue 1,AS Monaco,81.2,78.6,85.0,75.16666666666667,15.5,77.8
83.0,83.0,45000.0,29.0,199.0,76.0,1.0,67.8,60.9,66.2,70.0,74.7,0.0,English Premier League,Burnley,16.4,19.8,51.0,33.333333333333336,75.83333333333333,50.6
83.0,83.0,120000.0,30.0,188.0,81.0,3.0,72.0,82.0,76.0,81.0,82.0,1.0,English Premier League,Wolverhampton Wanderers,81.0,73.4,79.6,78.16666666666667,17.5,73.0
83.0,85.0,83000.0,27.0,185.0,77.0,3.0,68.4,68.1,70.8,75.2,75.9,0.0,English Premier League,Everton,25.2,28.8,54.0,44.333333333333336,77.16666666666667,57.4
83.0,84.0,130000.0,28.0,190.0,85.0,2.0,75.0,43.0,68.0,64.0,84.0,0.0,English Premier League,Chelsea,58.2,58.6,71.4,63.833333333333336,18.166666666666668,67.2
83.0,83.0,115000.0,28.0,185.0,77.0,2.0,69.0,71.0,82.0,81.0,84.0,0.0,English Premier League,Arsenal,70.2,78.2,82.8,75.83333333333333,16.5,68.8
83.0,86.0,105000.0,25.0,185.0,84.0,2.0,60.0,71.0,76.0,76.0,82.0,1.0,English Premier League,Tottenham Hotspur,67.8,76.0,78.8,73.33333333333333,16.666666666666668,66.0
83.0,83.0,59000.0,30.0,177.0,73.0,3.0,71.0,86.0,76.0,86.0,71.0,1.0,German 1. Bundesliga,TSG Hoffenheim,79.6,78.6,77.0,71.33333333333333,17.650000000000002,79.4
83.0,86.0,77000.0,24.0,175.0,69.0,2.0,78.0,71.0,82.0,84.0,70.0,0.0,German 1. Bundesliga,RB Leipzig,73.4,81.6,73.4,75.16666666666667,17.8,81.6
83.0,83.0,95000.0,28.0,197.0,84.0,2.0,63.0,83.0,59.0,70.0,86.0,1.0,German 1. Bundesliga,VfL Wolfsburg,76.0,52.8,82.2,71.33333333333333,18.616666666666667,63.2
83.0,87.0,115000.0,23.0,183.0,72.0,2.0,85.0,52.0,69.0,79.0,75.0,0.0,English Premier League,Manchester United,57.8,66.6,67.2,69.66666666666667,14.833333333333334,81.8
83.0,89.0,120000.0,22.0,178.0,70.0,3.0,74.0,79.0,84.0,83.0,65.0,1.0,English Premier League,Chelsea,76.2,82.8,71.4,72.5,17.666666666666668,77.6
83.0,85.0,105000.0,29.0,197.0,86.0,2.0,81.1,78.8,75.0,82.8,74.9,0.0,English Premier League,Chelsea,14.6,23.4,42.8,25.833333333333332,73.83333333333333,44.8
82.0,82.0,43000.0,36.0,190.0,83.0,2.0,63.9,56.1,66.4,68.6,72.5,0.0,English Premier League,West Ham United,15.0,19.6,46.4,35.166666666666664,74.83333333333333,53.8
82.0,82.0,41000.0,32.0,181.0,80.0,3.0,61.0,84.0,81.0,81.0,73.0,1.0,German 1. Bundesliga,Borussia Mönchengladbach,78.6,79.4,77.4,78.16666666666667,16.366666666666667,71.0
82.0,82.0,31000.0,30.0,189.0,88.0,3.0,69.0,57.3,67.2,71.7,71.1,0.0,German 1. Bundesliga,Eintracht Frankfurt,14.8,14.4,53.0,31.5,75.5,51.6
82.0,82.0,88000.0,31.0,174.0,66.0,2.0,69.0,62.0,71.0,78.0,77.0,1.0,French Ligue 1,Paris Saint-Germain,59.0,71.4,77.6,73.33333333333333,15.9,76.2
82.0,82.0,37000.0,31.0,187.0,82.0,2.0,69.3,51.3,59.0,65.3,73.0,0.0,German 1. Bundesliga,TSG Hoffenheim,16.4,16.8,50.6,29.666666666666668,75.0,53.6
82.0,82.0,85000.0,28.0,180.0,66.0,2.0,89.0,77.0,73.0,87.0,75.0,1.0,English Premier League,Crystal Palace,68.8,71.4,72.8,68.0,18.5,84.0
82.0,83.0,60000.0,30.0,184.0,81.0,2.0,79.5,63.9,69.7,75.5,72.2,0.0,French Ligue 1,Olympique Lyonnais,19.6,19.2,52.4,34.666666666666664,76.83333333333333,67.6
82.0,82.0,90000.0,28.0,170.0,67.0,2.0,82.0,65.0,78.0,82.0,68.0,0.0,French Ligue 1,Paris Saint-Germain,69.2,73.2,68.2,73.33333333333333,17.400000000000002,83.8
82.0,87.0,78000.0,25.0,195.0,99.0,3.0,65.0,42.0,59.0,51.0,81.0,0.0,German 1. Bundesliga,FC Bayern München,50.2,46.4,66.8,59.166666666666664,17.8,54.2
82.0,85.0,100000.0,24.0,175.0,73.0,1.0,75.0,78.0,84.0,84.0,60.0,1.0,English Premier League,Leicester City,69.0,84.2,68.4,72.83333333333333,19.116666666666667,79.0
82.0,88.0,89000.0,22.0,178.0,68.0,3.0,77.0,74.0,83.0,84.0,62.0,1.0,English Premier League,Arsenal,73.0,83.0,66.6,71.5,18.400000000000002,79.4
82.0,87.0,89000.0,24.0,180.0,80.0,2.0,59.0,75.0,85.0,77.0,73.0,1.0,English Premier League,Wolverhampton Wanderers,73.4,82.4,76.6,78.66666666666667,17.400000000000002,67.8
82.0,88.0,120000.0,22.0,177.0,69.0,3.0,89.0,70.0,73.0,86.0,59.0,1.0,English Premier League,Chelsea,68.8,71.8,68.6,63.0,18.833333333333332,86.2
82.0,90.0,70000.0,22.0,186.0,90.0,2.0,81.0,43.0,62.0,68.0,81.0,0.0,German 1. Bundesliga,FC Bayern München,54.4,54.0,68.0,62.5,15.9,72.6
82.0,87.0,100000.0,24.0,181.0,71.0,3.0,83.0,78.0,73.0,83.0,80.0,1.0,English Premier League,Everton,78.0,73.8,79.8,74.16666666666667,16.783333333333335,80.0
82.0,87.0,89000.0,24.0,176.0,68.0,2.0,91.0,76.0,76.0,84.0,72.0,1.0,English Premier League,Leeds United,69.0,79.0,75.8,73.33333333333333,16.400000000000002,86.0
82.0,87.0,69000.0,22.0,185.0,80.0,1.0,66.0,53.0,71.0,74.0,79.0,0.0,English Premier League,West Ham United,57.0,69.0,72.8,74.16666666666667,16.233333333333334,64.6
82.0,89.0,59000.0,20.0,183.0,75.0,3.0,96.0,67.0,71.0,82.0,75.0,0.0,German 1. Bundesliga,FC Bayern München,69.0,66.6,72.4,72.0,15.816666666666668,88.0
82.0,87.0,36000.0,24.0,185.0,74.0,2.0,64.0,72.0,79.0,82.0,67.0,0.0,German 1. Bundesliga,Borussia Mönchengladbach,67.4,74.6,71.2,68.83333333333333,16.233333333333334,73.8
82.0,85.0,81000.0,26.0,192.0,86.0,1.0,64.0,72.0,74.0,74.0,85.0,0.0,English Premier League,West Ham United,73.0,68.6,81.8,75.66666666666667,15.299999999999999,66.4
82.0,90.0,120000.0,21.0,184.0,77.0,1.0,82.0,79.0,78.0,82.0,66.0,1.0,English Premier League,Manchester City,77.0,74.8,74.6,65.83333333333333,18.166666666666668,80.8
81.0,81.0,39000.0,35.0,188.0,77.0,2.0,79.0,83.0,69.0,73.0,79.0,1.0,French Ligue 1,LOSC Lille,74.6,70.6,77.8,73.0,17.483333333333334,72.8
81.0,81.0,24000.0,36.0,185.0,82.0,3.0,67.6,44.1,60.1,63.8,72.6,0.0,French Ligue 1,Olympique de Marseille,19.8,21.4,45.4,33.166666666666664,74.83333333333333,52.8
81.0,81.0,30000.0,37.0,191.0,84.0,3.0,32.0,46.0,62.0,63.0,77.0,0.0,French Ligue 1,LOSC Lille,56.8,56.2,63.6,66.33333333333333,15.9,48.2
81.0,81.0,45000.0,33.0,180.0,76.0,2.0,64.0,81.0,81.0,82.0,66.0,1.0,German 1. Bundesliga,1. FC Union Berlin,77.0,79.4,71.4,73.16666666666667,15.25,72.6
81.0,81.0,43000.0,30.0,180.0,74.0,2.0,67.0,64.0,74.0,75.0,85.0,1.0,French Ligue 1,LOSC Lille,69.6,68.4,79.8,76.66666666666667,16.533333333333335,71.6
81.0,81.0,83000.0,30.0,178.0,66.0,2.0,70.0,67.0,81.0,85.0,62.0,0.0,German 1. Bundesliga,RB Leipzig,64.6,80.4,68.6,73.83333333333333,17.166666666666668,79.0
81.0,81.0,90000.0,28.0,178.0,73.0,1.0,79.0,84.0,70.0,80.0,70.0,1.0,English Premier League,Aston Villa,76.2,72.4,77.6,72.83333333333333,17.566666666666666,79.6
81.0,81.0,105000.0,28.0,174.0,70.0,3.0,90.0,79.0,70.0,86.0,68.0,1.0,English Premier League,Tottenham Hotspur,71.2,75.6,77.4,71.83333333333333,17.333333333333332,89.0
81.0,82.0,46000.0,28.0,188.0,81.0,1.0,57.0,45.0,67.0,65.0,81.0,0.0,English Premier League,Burnley,59.2,62.4,68.2,67.5,15.916666666666666,59.8
81.0,82.0,79000.0,28.0,186.0,87.0,2.0,49.0,36.0,52.0,55.0,80.0,0.0,German 1. Bundesliga,RB Leipzig,52.4,45.4,62.0,60.0,17.8,55.6
81.0,82.0,81000.0,27.0,186.0,78.0,3.0,64.0,84.0,67.0,76.0,71.0,1.0,French Ligue 1,Olympique de Marseille,75.0,76.0,74.8,68.0,18.466666666666665,66.6
81.0,84.0,69000.0,26.0,173.0,66.0,2.0,59.0,74.0,86.0,78.0,73.0,1.0,English Premier League,Southampton,70.6,85.2,76.2,73.83333333333333,19.066666666666666,69.2
81.0,82.0,66000.0,27.0,184.0,74.0,2.0,65.0,81.0,79.0,78.0,74.0,0.0,German 1. Bundesliga,VfL Wolfsburg,74.0,81.4,77.4,74.33333333333333,16.966666666666665,69.6
81.0,81.0,87000.0,29.0,177.0,76.0,3.0,70.0,73.0,82.0,83.0,62.0,1.0,German 1. Bundesliga,RB Leipzig,70.2,79.8,64.8,69.33333333333333,17.5,76.6
81.0,81.0,120000.0,28.0,169.0,62.0,3.0,77.0,66.0,77.0,81.0,71.0,0.0,English Premier League,Manchester United,65.8,77.8,74.0,76.0,19.0,83.2
81.0,85.0,90000.0,24.0,187.0,71.0,2.0,83.0,77.0,64.0,77.0,82.0,1.0,English Premier League,Everton,76.2,64.2,79.6,69.0,16.400000000000002,76.6
81.0,85.0,82000.0,25.0,178.0,72.0,2.0,67.0,65.0,76.0,75.0,82.0,0.0,English Premier League,Leeds United,66.4,73.4,77.4,73.16666666666667,16.466666666666665,71.0
81.0,85.0,65000.0,24.0,180.0,72.0,2.0,81.0,68.0,77.0,78.0,77.0,0.0,German 1. Bundesliga,RB Leipzig,71.6,70.2,74.0,74.83333333333333,18.133333333333333,78.4
81.0,82.0,95000.0,26.0,183.0,73.0,2.0,88.0,79.0,75.0,83.0,65.0,1.0,English Premier League,Arsenal,71.8,78.4,74.0,65.16666666666667,16.616666666666667,84.0
81.0,85.0,65000.0,23.0,187.0,84.0,2.0,80.0,49.0,69.0,73.0,80.0,0.0,German 1. Bundesliga,RB Leipzig,60.0,63.8,73.4,68.0,17.966666666666665,73.6
81.0,86.0,72000.0,23.0,179.0,72.0,2.0,79.0,74.0,81.0,85.0,65.0,1.0,German 1. Bundesliga,RB Leipzig,71.2,81.8,70.2,71.83333333333333,15.566666666666668,81.0
81.0,86.0,65000.0,23.0,180.0,72.0,2.0,74.0,75.0,79.0,83.0,78.0,1.0,French Ligue 1,Olympique Lyonnais,71.6,80.2,77.6,78.5,17.966666666666665,77.0
81.0,84.0,95000.0,23.0,180.0,66.0,1.0,86.0,77.0,76.0,81.0,63.0,1.0,English Premier League,Leicester City,69.0,75.2,71.0,63.333333333333336,14.950000000000001,82.6
81.0,86.0,65000.0,23.0,175.0,70.0,2.0,75.0,75.0,81.0,85.0,71.0,1.0,French Ligue 1,Olympique Lyonnais,71.8,80.8,71.6,76.0,16.566666666666666,80.0
81.0,86.0,76000.0,21.0,178.0,87.0,2.0,80.0,58.0,77.0,77.0,80.0,0.0,English Premier League,Chelsea,65.6,77.2,75.2,67.83333333333333,16.900000000000002,78.2
81.0,88.0,52000.0,21.0,170.0,68.0,2.0,94.0,67.0,73.0,85.0,53.0,1.0,German 1. Bundesliga,Bayer 04 Leverkusen,63.4,69.2,60.6,61.5,15.799999999999999,90.0
81.0,84.0,79000.0,24.0,178.0,68.0,1.0,86.0,58.0,75.0,78.0,70.0,0.0,English Premier League,Tottenham Hotspur,65.8,69.4,67.2,69.66666666666667,16.633333333333333,79.4
81.0,88.0,49000.0,22.0,194.0,85.0,2.0,75.0,52.0,65.0,69.0,79.0,0.0,German 1. Bundesliga,Bayer 04 Leverkusen,57.8,59.2,67.6,70.0,16.166666666666668,71.6
80.0,80.0,88000.0,34.0,170.0,61.0,3.0,50.0,72.0,84.0,80.0,66.0,1.0,English Premier League,Wolverhampton Wanderers,76.6,82.0,71.0,75.66666666666667,19.566666666666666,67.0
80.0,80.0,51000.0,34.0,175.0,77.0,3.0,69.0,77.0,83.0,82.0,67.0,1.0,French Ligue 1,Olympique de Marseille,75.6,80.8,67.6,68.16666666666667,18.133333333333333,73.6
80.0,80.0,70000.0,33.0,191.0,86.0,2.0,56.0,40.0,60.0,62.0,76.0,0.0,English Premier League,West Ham United,51.6,56.0,68.0,62.166666666666664,11.9,58.2
80.0,80.0,48000.0,34.0,190.0,80.0,2.0,70.4,65.6,69.6,73.2,74.8,0.0,English Premier League,Crystal Palace,23.4,25.0,48.8,34.5,74.5,57.6
80.0,80.0,53000.0,32.0,171.0,68.0,3.0,65.0,71.0,80.0,77.0,72.0,0.0,German 1. Bundesliga,Bayer 04 Leverkusen,69.0,77.0,72.0,77.0,17.133333333333333,75.4
80.0,80.0,34000.0,28.0,184.0,83.0,2.0,70.0,70.0,67.0,61.0,81.0,0.0,German 1. Bundesliga,Eintracht Frankfurt,67.4,64.6,79.8,71.83333333333333,17.266666666666666,68.2
80.0,80.0,35000.0,29.0,172.0,69.0,2.0,67.0,74.0,83.0,82.0,69.0,1.0,French Ligue 1,Montpellier Hérault SC,69.2,81.0,66.8,79.5,16.933333333333334,77.6
80.0,81.0,84000.0,28.0,191.0,82.0,2.0,55.0,49.0,65.0,65.0,80.0,0.0,English Premier League,Everton,62.0,57.8,68.6,61.0,17.666666666666668,59.6
80.0,82.0,90000.0,25.0,188.0,80.0,3.0,68.0,78.0,78.0,82.0,75.0,1.0,English Premier League,Tottenham Hotspur,78.4,76.8,75.6,76.5,14.9,71.4
80.0,85.0,95000.0,25.0,187.0,81.0,2.0,65.0,31.0,65.0,68.0,72.0,0.0,English Premier League,Chelsea,53.6,58.0,53.4,60.166666666666664,15.616666666666667,65.8
80.0,82.0,32000.0,28.0,191.0,93.0,2.0,68.8,61.1,67.6,70.7,72.4,0.0,French Ligue 1,OGC Nice,16.0,20.6,50.0,33.166666666666664,73.66666666666667,52.6
80.0,83.0,64000.0,26.0,184.0,80.0,3.0,83.0,43.0,67.0,71.0,81.0,0.0,French Ligue 1,Olympique Lyonnais,57.8,58.8,67.8,63.166666666666664,18.900000000000002,75.2
80.0,83.0,42000.0,25.0,175.0,70.0,2.0,89.0,75.0,74.0,81.0,69.0,1.0,French Ligue 1,LOSC Lille,70.4,74.0,74.4,68.0,17.7,84.6
80.0,86.0,69000.0,24.0,178.0,70.0,2.0,84.0,60.0,75.0,77.0,79.0,0.0,English Premier League,Arsenal,61.6,70.2,77.0,70.5,18.733333333333334,79.6
80.0,81.0,81000.0,27.0,177.0,69.0,2.0,82.0,57.0,68.0,81.0,75.0,0.0,English Premier League,Wolverhampton Wanderers,60.2,63.2,73.2,68.0,18.8,81.8
80.0,83.0,54000.0,25.0,187.0,91.0,2.0,81.0,48.0,67.0,74.0,77.0,0.0,German 1. Bundesliga,Borussia Dortmund,58.0,66.2,71.6,62.166666666666664,15.799999999999999,75.2
80.0,84.0,41000.0,24.0,184.0,72.0,2.0,74.0,64.0,79.0,80.0,77.0,1.0,French Ligue 1,Olympique de Marseille,66.0,75.8,71.0,76.33333333333333,17.2,78.2
80.0,86.0,38000.0,23.0,176.0,70.0,3.0,84.0,74.0,77.0,84.0,84.0,1.0,French Ligue 1,LOSC Lille,69.8,76.6,84.2,77.16666666666667,15.75,84.6
80.0,85.0,59000.0,22.0,179.0,78.0,2.0,90.0,79.0,72.0,83.0,74.0,1.0,German 1. Bundesliga,Borussia Dortmund,74.2,73.0,76.4,66.66666666666667,16.150000000000002,85.6
80.0,83.0,88000.0,25.0,185.0,82.0,1.0,76.0,46.0,60.0,67.0,80.0,0.0,English Premier League,Leicester City,56.8,55.6,67.4,65.5,13.733333333333334,69.6
80.0,84.0,53000.0,23.0,174.0,76.0,2.0,69.0,70.0,73.0,77.0,81.0,0.0,German 1. Bundesliga,VfL Wolfsburg,61.6,72.0,76.4,75.16666666666667,14.799999999999999,74.8
80.0,86.0,30000.0,21.0,184.0,68.0,2.0,74.0,50.0,72.0,73.0,78.0,0.0,French Ligue 1,Olympique de Marseille,56.6,66.4,71.4,71.16666666666667,15.066666666666668,70.8
80.0,85.0,59000.0,23.0,176.0,75.0,2.0,84.0,73.0,73.0,81.0,78.0,1.0,German 1. Bundesliga,VfL Wolfsburg,67.8,67.8,77.4,71.0,15.65,83.0
80.0,80.0,73000.0,28.0,175.0,76.0,1.0,77.0,56.0,73.0,75.0,81.0,0.0,English Premier League,West Ham United,67.4,67.8,74.2,70.16666666666667,17.733333333333334,77.8
80.0,88.0,50000.0,19.0,178.0,65.0,2.0,84.0,68.0,76.0,82.0,64.0,1.0,English Premier League,Arsenal,67.0,74.4,64.4,71.33333333333333,16.3,82.0
79.0,79.0,24000.0,33.0,187.0,82.0,2.0,67.6,44.1,60.1,63.8,72.6,0.0,French Ligue 1,FC Girondins de Bordeaux,17.4,16.2,43.0,29.5,73.16666666666667,51.4
79.0,79.0,66000.0,31.0,175.0,66.0,2.0,70.0,60.0,75.0,76.0,68.0,0.0,English Premier League,West Ham United,66.0,75.0,71.6,68.16666666666667,16.966666666666665,74.4
79.0,79.0,39000.0,31.0,180.0,82.0,1.0,62.0,42.0,58.0,63.0,78.0,0.0,English Premier League,Burnley,52.6,51.8,67.0,63.5,17.150000000000002,66.0
79.0,79.0,79000.0,31.0,178.0,82.0,2.0,83.0,76.0,73.0,78.0,83.0,1.0,English Premier League,West Ham United,76.6,70.6,80.0,71.16666666666667,17.633333333333333,80.8
79.0,79.0,48000.0,29.0,191.0,92.0,1.0,64.0,79.0,60.0,70.0,81.0,1.0,English Premier League,Burnley,71.2,65.4,78.8,69.83333333333333,19.533333333333335,63.8
79.0,79.0,95000.0,30.0,188.0,85.0,2.0,58.0,74.0,78.0,77.0,77.0,0.0,English Premier League,Chelsea,78.8,80.6,78.0,71.5,16.616666666666667,63.0
79.0,79.0,75000.0,29.0,169.0,72.0,3.0,75.0,76.0,80.0,81.0,67.0,1.0,French Ligue 1,Olympique Lyonnais,70.0,81.4,71.0,69.16666666666667,18.233333333333334,80.2
79.0,79.0,23000.0,33.0,190.0,81.0,2.0,67.3,52.6,62.2,65.9,71.6,0.0,German 1. Bundesliga,FC Augsburg,21.8,17.6,43.0,24.0,67.5,42.6
79.0,79.0,53000.0,29.0,180.0,66.0,2.0,80.0,78.0,66.0,78.0,77.0,1.0,English Premier League,Newcastle United,72.8,65.4,74.0,71.5,16.133333333333333,77.2
79.0,79.0,80000.0,28.0,185.0,82.0,3.0,50.0,64.0,79.0,69.0,80.0,0.0,English Premier League,Arsenal,63.4,76.6,72.2,72.0,15.799999999999999,56.6
79.0,81.0,80000.0,28.0,186.0,80.0,1.0,47.0,58.0,75.0,67.0,75.0,0.0,English Premier League,Wolverhampton Wanderers,65.8,69.6,73.6,68.16666666666667,16.966666666666665,54.8
79.0,80.0,81000.0,27.0,190.0,90.0,2.0,53.0,64.0,69.0,64.0,83.0,0.0,English Premier League,Tottenham Hotspur,63.8,70.6,77.4,71.5,16.966666666666665,52.2
79.0,79.0,31000.0,30.0,191.0,76.0,2.0,44.0,50.0,70.0,73.0,75.0,0.0,German 1. Bundesliga,Borussia Mönchengladbach,61.2,65.4,61.2,70.16666666666667,14.9,58.0
79.0,79.0,38000.0,28.0,181.0,79.0,2.0,71.0,82.0,77.0,79.0,74.0,1.0,German 1. Bundesliga,Borussia Mönchengladbach,78.4,76.8,77.6,68.66666666666667,18.916666666666668,76.8
79.0,79.0,87000.0,28.0,184.0,76.0,2.0,70.0,76.0,72.0,76.0,81.0,0.0,English Premier League,Everton,71.4,63.2,80.2,72.5,19.666666666666668,70.2
79.0,79.0,32000.0,28.0,184.0,83.0,2.0,83.0,55.0,70.0,70.0,81.0,0.0,German 1. Bundesliga,Sport-Club Freiburg,61.4,69.6,69.4,66.33333333333333,16.5,74.0
79.0,79.0,35000.0,28.0,176.0,73.0,2.0,75.0,72.0,80.0,79.0,66.0,1.0,German 1. Bundesliga,Borussia Mönchengladbach,68.0,77.2,69.6,72.66666666666667,14.266666666666666,77.4
79.0,82.0,59000.0,26.0,184.0,83.0,2.0,88.0,51.0,69.0,73.0,80.0,0.0,German 1. Bundesliga,VfL Wolfsburg,60.2,64.6,71.4,65.0,16.316666666666666,79.6
79.0,79.0,55000.0,27.0,183.0,73.0,2.0,58.0,76.0,79.0,82.0,70.0,0.0,German 1. Bundesliga,Bayer 04 Leverkusen,66.8,82.4,74.4,74.0,19.3,70.2
79.0,79.0,35000.0,28.0,180.0,76.0,2.0,70.0,74.0,79.0,81.0,62.0,1.0,German 1. Bundesliga,Sport-Club Freiburg,70.8,80.8,68.2,66.83333333333333,15.933333333333332,75.0
79.0,81.0,65000.0,28.0,192.0,84.0,1.0,77.2,60.0,71.1,75.2,71.0,0.0,English Premier League,Wolverhampton Wanderers,18.8,17.8,48.2,23.5,70.33333333333333,53.6
79.0,84.0,41000.0,24.0,173.0,67.0,2.0,91.0,69.0,70.0,87.0,61.0,1.0,English Premier League,Newcastle United,64.2,73.8,72.0,55.666666666666664,15.033333333333333,87.4
79.0,82.0,56000.0,25.0,178.0,68.0,2.0,70.0,69.0,76.0,83.0,70.0,0.0,German 1. Bundesliga,Borussia Dortmund,64.2,75.2,75.6,70.83333333333333,16.8,78.8
79.0,79.0,49000.0,29.0,175.0,71.0,2.0,85.0,54.0,72.0,76.0,77.0,0.0,French Ligue 1,Stade Rennais FC,61.2,66.8,74.4,67.16666666666667,17.166666666666668,79.8
79.0,81.0,77000.0,25.0,187.0,79.0,2.0,75.0,45.0,55.0,65.0,80.0,0.0,English Premier League,Tottenham Hotspur,51.2,51.2,67.6,61.0,15.966666666666667,68.0
79.0,83.0,26000.0,24.0,189.0,81.0,2.0,74.0,39.0,63.0,68.0,77.0,0.0,German 1. Bundesliga,Borussia Mönchengladbach,55.6,54.0,66.0,61.333333333333336,16.266666666666666,68.6
79.0,82.0,31000.0,26.0,186.0,82.0,2.0,73.0,59.0,72.0,75.0,80.0,0.0,German 1. Bundesliga,Borussia Mönchengladbach,68.6,70.4,70.0,73.16666666666667,16.566666666666666,68.6
79.0,82.0,32000.0,24.0,180.0,78.0,2.0,79.0,58.0,71.0,72.0,79.0,0.0,French Ligue 1,LOSC Lille,65.2,65.2,71.2,68.5,16.166666666666668,73.2
79.0,83.0,53000.0,25.0,180.0,69.0,3.0,81.0,72.0,79.0,83.0,69.0,1.0,French Ligue 1,AS Monaco,67.2,79.8,73.0,72.66666666666667,18.966666666666665,82.4
79.0,84.0,61000.0,24.0,172.0,65.0,3.0,73.0,73.0,80.0,81.0,67.0,1.0,English Premier League,Aston Villa,71.2,79.0,65.6,71.0,16.7,78.0
79.0,82.0,69000.0,25.0,178.0,67.0,2.0,68.0,74.0,79.0,79.0,68.0,1.0,English Premier League,West Ham United,70.4,76.2,69.6,71.5,17.400000000000002,72.4
79.0,82.0,64000.0,25.0,186.0,81.0,3.0,69.0,53.0,72.0,71.0,76.0,0.0,German 1. Bundesliga,FC Bayern München,69.0,67.0,73.0,66.33333333333333,17.400000000000002,69.0
79.0,85.0,29000.0,23.0,192.0,88.0,2.0,82.0,78.0,70.0,79.0,77.0,1.0,German 1. Bundesliga,Borussia Mönchengladbach,75.8,64.2,78.8,65.83333333333333,17.766666666666666,74.8
79.0,83.0,37000.0,23.0,187.0,84.0,2.0,73.0,81.0,69.0,77.0,68.0,1.0,French Ligue 1,OGC Nice,72.2,72.6,78.0,61.166666666666664,15.916666666666666,71.2
79.0,84.0,65000.0,23.0,190.0,87.0,2.0,68.0,36.0,60.0,58.0,80.0,0.0,English Premier League,Arsenal,50.8,52.6,60.8,62.833333333333336,16.8,60.0
79.0,82.0,29000.0,24.0,184.0,76.0,2.0,75.0,68.0,79.0,83.0,59.0,1.0,German 1. Bundesliga,Eintracht Frankfurt,68.6,78.0,66.0,65.33333333333333,14.766666666666666,77.2
79.0,82.0,57000.0,25.0,191.0,85.0,3.0,70.0,79.0,70.0,80.0,68.0,1.0,German 1. Bundesliga,Bayer 04 Leverkusen,75.2,71.8,73.0,62.0,17.466666666666665,73.8
79.0,83.0,36000.0,23.0,175.0,73.0,3.0,89.0,70.0,74.0,83.0,60.0,1.0,French Ligue 1,LOSC Lille,63.0,75.8,60.6,67.16666666666667,16.066666666666666,85.8
79.0,84.0,36000.0,23.0,195.0,88.0,1.0,63.6,57.8,66.2,67.6,72.9,0.0,German 1. Bundesliga,Borussia Dortmund,17.0,23.2,42.8,30.166666666666668,69.66666666666667,37.4
79.0,84.0,50000.0,24.0,182.0,80.0,1.0,70.0,68.0,75.0,78.0,75.0,1.0,English Premier League,Brighton & Hove Albion,66.6,74.4,78.8,72.0,15.966666666666667,73.8
79.0,85.0,41000.0,21.0,187.0,81.0,2.0,72.0,69.0,75.0,77.0,82.0,1.0,French Ligue 1,AS Monaco,67.0,71.2,77.8,74.33333333333333,15.533333333333333,73.2
79.0,86.0,42000.0,21.0,190.0,88.0,2.0,88.0,33.0,56.0,65.0,77.0,0.0,German 1. Bundesliga,VfL Wolfsburg,47.8,51.6,60.6,59.666666666666664,16.866666666666667,74.2
79.0,84.0,70000.0,22.0,181.0,79.0,1.0,84.0,62.0,71.0,74.0,77.0,0.0,English Premier League,Tottenham Hotspur,65.0,67.2,74.8,67.16666666666667,17.733333333333334,76.6
79.0,84.0,52000.0,23.0,182.0,78.0,2.0,68.0,63.0,78.0,78.0,75.0,0.0,French Ligue 1,Olympique Lyonnais,67.2,75.4,69.6,73.66666666666667,17.133333333333333,71.2
79.0,85.0,27000.0,21.0,193.0,81.0,2.0,60.0,36.0,59.0,61.0,84.0,0.0,French Ligue 1,LOSC Lille,49.4,53.6,70.0,60.333333333333336,15.4,59.0
79.0,89.0,21000.0,18.0,186.0,75.0,2.0,75.0,69.0,73.0,80.0,77.0,1.0,German 1. Bundesliga,Borussia Dortmund,66.2,68.2,75.2,73.5,14.65,78.2
78.0,78.0,19000.0,35.0,186.0,80.0,3.0,54.0,43.0,63.0,65.0,75.0,0.0,French Ligue 1,FC Girondins de Bordeaux,55.4,56.4,64.6,63.666666666666664,15.466666666666667,60.6
78.0,78.0,46000.0,34.0,185.0,86.0,3.0,69.0,78.0,77.0,80.0,74.0,0.0,German 1. Bundesliga,Hertha BSC,76.8,77.8,74.8,75.0,16.583333333333332,70.4
78.0,78.0,17000.0,32.0,184.0,80.0,2.0,70.6,53.3,62.6,68.2,69.7,0.0,French Ligue 1,FC Metz,16.6,16.8,49.2,28.833333333333332,71.5,54.6
78.0,78.0,69000.0,32.0,177.0,77.0,2.0,66.0,65.0,73.0,76.0,70.0,0.0,English Premier League,Everton,68.8,68.0,69.8,72.66666666666667,16.733333333333334,71.2
78.0,78.0,51000.0,31.0,187.0,91.0,2.0,74.0,61.0,73.0,75.0,87.0,1.0,English Premier League,Watford,65.6,72.8,77.4,72.16666666666667,16.466666666666665,68.8
78.0,78.0,32000.0,30.0,173.0,72.0,2.0,73.0,72.0,76.0,83.0,66.0,1.0,French Ligue 1,Racing Club de Lens,69.8,79.0,74.8,67.83333333333333,16.166666666666668,79.0
78.0,78.0,51000.0,31.0,189.0,83.0,2.0,64.0,64.0,62.0,69.0,85.0,0.0,English Premier League,Crystal Palace,62.8,58.4,77.2,70.0,16.8,64.4
78.0,78.0,36000.0,31.0,175.0,73.0,1.0,58.0,62.0,80.0,74.0,75.0,1.0,English Premier League,Burnley,66.6,77.8,72.4,73.83333333333333,15.9,69.0
78.0,78.0,29000.0,30.0,187.0,82.0,1.0,59.0,75.0,75.0,75.0,80.0,1.0,French Ligue 1,FC Girondins de Bordeaux,72.0,76.0,75.6,77.33333333333333,13.1,63.4
78.0,78.0,42000.0,30.0,188.0,84.0,2.0,70.0,29.0,52.0,58.0,83.0,0.0,German 1. Bundesliga,Hertha BSC,50.8,44.0,65.2,51.166666666666664,16.366666666666667,66.0
78.0,78.0,53000.0,29.0,183.0,83.0,2.0,41.0,44.0,62.0,65.0,81.0,1.0,English Premier League,Southampton,52.2,61.4,68.8,67.0,18.466666666666665,53.8
78.0,79.0,56000.0,29.0,192.0,88.0,1.0,46.0,51.0,62.0,64.0,78.0,0.0,English Premier League,Brighton & Hove Albion,49.8,66.2,72.8,59.833333333333336,17.633333333333333,50.0
78.0,80.0,22000.0,28.0,185.0,88.0,1.0,69.7,59.4,63.9,68.2,73.0,0.0,German 1. Bundesliga,DSC Arminia Bielefeld,21.2,28.2,52.0,34.833333333333336,73.66666666666667,55.6
78.0,78.0,48000.0,28.0,182.0,71.0,2.0,74.0,62.0,74.0,74.0,79.0,0.0,French Ligue 1,AS Monaco,64.8,74.4,76.0,67.83333333333333,16.833333333333332,72.4
78.0,79.0,83000.0,28.0,199.0,96.0,2.0,32.0,48.0,62.0,49.0,82.0,0.0,English Premier League,Leicester City,52.6,54.6,71.0,66.66666666666667,18.833333333333332,39.2
78.0,78.0,35000.0,29.0,182.0,81.0,2.0,74.0,43.0,73.0,73.0,79.0,0.0,German 1. Bundesliga,TSG Hoffenheim,63.6,65.0,69.6,70.33333333333333,16.433333333333334,72.4
78.0,79.0,56000.0,28.0,193.0,78.0,2.0,59.0,39.0,59.0,64.0,76.0,0.0,German 1. Bundesliga,VfL Wolfsburg,53.2,52.0,59.6,62.5,15.299999999999999,59.6
78.0,78.0,82000.0,27.0,185.0,71.0,2.0,73.0,78.0,67.0,73.0,77.0,1.0,English Premier League,Leeds United,71.4,67.6,76.8,68.5,16.3,72.2
78.0,78.0,69000.0,31.0,188.0,84.0,1.0,58.0,56.0,69.0,70.0,77.0,0.0,English Premier League,Wolverhampton Wanderers,61.8,65.8,71.0,68.16666666666667,16.733333333333334,62.8
78.0,78.0,28000.0,31.0,185.0,75.0,2.0,59.0,60.0,75.0,75.0,75.0,0.0,German 1. Bundesliga,1. FC Köln,65.4,71.2,72.4,71.33333333333333,16.333333333333332,67.2
78.0,78.0,30000.0,29.0,170.0,67.0,2.0,74.0,75.0,78.0,80.0,63.0,1.0,French Ligue 1,Montpellier Hérault SC,67.0,79.6,72.8,68.5,17.733333333333334,78.2
78.0,78.0,61000.0,29.0,170.0,65.0,2.0,79.0,75.0,74.0,80.0,65.0,1.0,German 1. Bundesliga,VfL Wolfsburg,75.0,75.0,75.0,63.833333333333336,17.533333333333335,83.4
78.0,79.0,85000.0,26.0,176.0,79.0,2.0,80.0,63.0,70.0,78.0,63.0,0.0,French Ligue 1,Olympique Lyonnais,63.4,69.8,70.2,67.16666666666667,17.0,77.4
78.0,81.0,58000.0,26.0,178.0,68.0,2.0,70.0,73.0,75.0,78.0,80.0,1.0,English Premier League,Aston Villa,69.0,73.6,79.2,70.5,17.316666666666666,74.6
78.0,82.0,57000.0,24.0,183.0,79.0,2.0,78.0,77.0,63.0,73.0,82.0,1.0,French Ligue 1,Olympique Lyonnais,71.0,64.4,79.6,66.66666666666667,16.133333333333333,74.8
78.0,80.0,61000.0,28.0,196.0,77.0,2.0,72.0,44.0,67.0,66.0,81.0,0.0,English Premier League,Aston Villa,58.2,60.0,66.0,65.0,17.033333333333335,64.6
78.0,82.0,43000.0,25.0,195.0,98.0,2.0,67.0,27.0,55.0,57.0,81.0,0.0,German 1. Bundesliga,Bayer 04 Leverkusen,45.6,47.2,59.0,58.0,15.700000000000001,59.0
78.0,81.0,79000.0,25.0,178.0,72.0,1.0,96.0,66.0,67.0,86.0,81.0,1.0,English Premier League,Wolverhampton Wanderers,61.4,67.6,77.2,60.333333333333336,16.8,86.4
78.0,79.0,47000.0,27.0,178.0,68.0,2.0,70.0,74.0,79.0,77.0,73.0,1.0,French Ligue 1,Stade Rennais FC,72.6,78.6,75.4,76.0,18.166666666666668,72.8
78.0,78.0,95000.0,27.0,178.0,72.0,1.0,77.0,73.0,72.0,80.0,67.0,1.0,English Premier League,Leicester City,74.6,72.2,70.0,71.83333333333333,17.783333333333335,79.4
78.0,80.0,32000.0,26.0,185.0,74.0,2.0,76.0,71.0,72.0,78.0,79.0,1.0,French Ligue 1,Racing Club de Lens,65.4,67.2,76.0,73.16666666666667,15.166666666666666,74.8
78.0,79.0,55000.0,26.0,178.0,65.0,3.0,72.0,59.0,75.0,73.0,74.0,0.0,French Ligue 1,Olympique Lyonnais,68.6,71.0,70.4,69.16666666666667,16.966666666666665,71.0
78.0,79.0,29000.0,27.0,197.0,92.0,2.0,60.0,78.0,60.0,70.0,81.0,1.0,French Ligue 1,RC Strasbourg Alsace,71.6,58.2,77.8,66.83333333333333,16.766666666666666,57.2
78.0,80.0,43000.0,26.0,183.0,73.0,2.0,60.0,62.0,71.0,74.0,74.0,1.0,French Ligue 1,Stade Rennais FC,63.2,67.2,73.0,65.83333333333333,14.533333333333333,66.2
78.0,81.0,32000.0,25.0,174.0,70.0,1.0,81.0,77.0,72.0,78.0,76.0,1.0,German 1. Bundesliga,Eintracht Frankfurt,73.6,73.8,77.0,72.83333333333333,17.0,81.2
78.0,80.0,29000.0,25.0,192.0,81.0,1.0,64.0,41.0,57.0,53.0,76.0,0.0,German 1. Bundesliga,1. FC Union Berlin,52.6,47.4,63.0,58.166666666666664,18.266666666666666,61.8
78.0,82.0,23000.0,24.0,183.0,71.0,2.0,74.0,70.0,74.0,81.0,73.0,1.0,French Ligue 1,Angers SCO,68.6,74.0,72.0,68.66666666666667,16.7,72.2
78.0,79.0,50000.0,26.0,173.0,74.0,3.0,93.0,71.0,70.0,83.0,61.0,1.0,French Ligue 1,AS Monaco,67.6,72.0,69.8,66.0,15.133333333333333,88.0
78.0,83.0,50000.0,23.0,179.0,74.0,2.0,81.0,63.0,68.0,73.0,66.0,0.0,English Premier League,Aston Villa,62.2,63.4,70.2,63.833333333333336,18.8,78.2
78.0,84.0,50000.0,23.0,183.0,77.0,2.0,77.0,39.0,62.0,71.0,75.0,0.0,English Premier League,Aston Villa,54.4,58.0,63.2,62.666666666666664,17.133333333333333,73.8
78.0,81.0,35000.0,25.0,187.0,77.0,2.0,69.0,60.0,77.0,78.0,66.0,0.0,German 1. Bundesliga,TSG Hoffenheim,64.8,71.2,63.0,68.83333333333333,16.099999999999998,70.0
78.0,83.0,18000.0,22.0,196.0,90.0,2.0,72.7,49.8,59.2,64.2,71.7,0.0,French Ligue 1,FC Nantes,19.0,17.4,48.8,27.166666666666668,71.33333333333333,55.0
78.0,84.0,66000.0,24.0,175.0,70.0,1.0,83.0,71.0,72.0,79.0,68.0,1.0,English Premier League,Leeds United,65.4,69.0,71.2,63.5,16.133333333333333,80.8
78.0,79.0,29000.0,28.0,178.0,76.0,2.0,66.0,61.0,70.0,75.0,73.0,1.0,German 1. Bundesliga,VfB Stuttgart,58.2,63.6,74.6,71.16666666666667,14.933333333333332,70.6
78.0,86.0,53000.0,23.0,185.0,76.0,1.0,94.0,76.0,67.0,80.0,67.0,1.0,English Premier League,Watford,66.4,70.6,70.4,57.833333333333336,16.133333333333333,83.2
78.0,79.0,34000.0,27.0,180.0,73.0,1.0,77.0,54.0,65.0,73.0,78.0,0.0,French Ligue 1,LOSC Lille,64.6,61.4,67.6,65.5,15.433333333333332,73.8
78.0,85.0,29000.0,21.0,180.0,72.0,2.0,79.0,80.0,75.0,79.0,70.0,1.0,French Ligue 1,OGC Nice,74.8,76.2,74.6,69.16666666666667,14.433333333333332,77.2
78.0,82.0,59000.0,24.0,184.0,78.0,2.0,81.0,64.0,71.0,72.0,76.0,0.0,English Premier League,Leeds United,69.4,64.8,71.4,67.33333333333333,16.150000000000002,72.4
78.0,83.0,20000.0,25.0,191.0,85.0,2.0,66.0,50.9,62.8,66.4,72.9,0.0,French Ligue 1,Stade de Reims,13.8,15.0,38.6,22.166666666666668,68.66666666666667,36.4
78.0,84.0,27000.0,21.0,180.0,73.0,2.0,80.0,72.0,73.0,80.0,56.0,1.0,German 1. Bundesliga,TSG Hoffenheim,71.0,70.6,63.0,64.16666666666667,16.400000000000002,79.0
78.0,86.0,31000.0,21.0,177.0,77.0,2.0,85.0,76.0,71.0,78.0,70.0,1.0,French Ligue 1,LOSC Lille,73.6,66.6,78.2,59.833333333333336,14.066666666666668,78.4
78.0,83.0,43000.0,22.0,176.0,69.0,2.0,71.0,67.0,74.0,77.0,78.0,1.0,French Ligue 1,AS Monaco,62.6,69.2,73.4,74.5,15.033333333333333,74.0
78.0,89.0,56000.0,19.0,181.0,70.0,1.0,84.0,78.0,73.0,79.0,68.0,1.0,English Premier League,Manchester United,71.6,73.6,74.2,64.66666666666667,13.633333333333333,80.2
78.0,86.0,44000.0,21.0,174.0,63.0,2.0,73.0,58.0,72.0,81.0,69.0,0.0,French Ligue 1,Olympique Lyonnais,56.2,71.0,62.6,73.16666666666667,15.033333333333333,79.4
78.0,89.0,18000.0,18.0,176.0,70.0,2.0,72.0,68.0,76.0,83.0,59.0,1.0,German 1. Bundesliga,Bayer 04 Leverkusen,64.6,74.0,62.2,67.0,17.466666666666665,75.6
77.0,77.0,27000.0,33.0,188.0,74.0,2.0,70.8,63.5,65.2,71.6,68.5,0.0,English Premier League,Norwich City,18.2,19.0,47.6,34.833333333333336,69.83333333333333,48.0
77.0,77.0,27000.0,34.0,172.0,70.0,3.0,83.0,77.0,74.0,75.0,67.0,1.0,French Ligue 1,RC Strasbourg Alsace,73.4,72.6,74.2,69.83333333333333,13.566666666666668,78.8
77.0,77.0,51000.0,33.0,184.0,83.0,2.0,50.0,37.0,59.0,55.0,78.0,0.0,French Ligue 1,Olympique Lyonnais,53.0,50.8,66.2,59.0,16.8,56.8
77.0,77.0,47000.0,31.0,183.0,79.0,3.0,65.0,79.0,76.0,79.0,60.0,1.0,German 1. Bundesliga,Hertha BSC,76.4,76.4,69.8,65.83333333333333,14.5,69.8
77.0,77.0,64000.0,28.0,167.0,59.0,2.0,71.0,72.0,77.0,81.0,42.0,1.0,English Premier League,West Ham United,67.2,78.2,62.0,62.333333333333336,17.066666666666666,77.4
77.0,77.0,29000.0,34.0,189.0,82.0,2.0,72.0,65.0,73.0,68.0,80.0,0.0,German 1. Bundesliga,1. FC Union Berlin,69.4,69.2,72.4,69.5,16.25,66.6
77.0,77.0,56000.0,31.0,188.0,77.0,2.0,51.0,47.0,59.0,57.0,76.0,0.0,English Premier League,West Ham United,58.2,49.2,63.8,66.33333333333333,13.633333333333333,56.6
77.0,77.0,74000.0,29.0,178.0,73.0,2.0,77.0,74.0,75.0,79.0,67.0,1.0,English Premier League,Everton,68.4,77.6,67.8,68.5,18.233333333333334,77.2
77.0,79.0,20000.0,29.0,190.0,88.0,2.0,66.0,50.9,62.8,66.4,72.9,0.0,French Ligue 1,RC Strasbourg Alsace,20.6,23.6,47.4,32.833333333333336,69.0,43.2
77.0,78.0,16000.0,30.0,193.0,83.0,2.0,65.2,50.8,63.1,65.8,70.1,0.0,French Ligue 1,Stade Brestois 29,18.4,22.4,45.8,33.166666666666664,70.16666666666667,52.2
77.0,77.0,26000.0,30.0,179.0,71.0,2.0,60.0,64.0,71.0,73.0,77.0,0.0,German 1. Bundesliga,Eintracht Frankfurt,64.6,65.8,73.4,72.33333333333333,15.233333333333334,68.0
77.0,77.0,54000.0,29.0,183.0,75.0,1.0,73.0,77.0,75.0,76.0,72.0,1.0,English Premier League,Southampton,70.6,75.2,76.8,70.5,17.8,72.8
77.0,77.0,48000.0,29.0,191.0,90.0,2.0,73.0,74.0,72.0,72.0,80.0,0.0,German 1. Bundesliga,Borussia Dortmund,73.4,70.2,79.0,72.16666666666667,16.333333333333332,65.2
77.0,77.0,52000.0,28.0,175.0,80.0,2.0,88.0,65.0,72.0,78.0,73.0,0.0,German 1. Bundesliga,VfL Wolfsburg,66.0,71.8,71.6,69.33333333333333,16.633333333333333,82.0
77.0,79.0,34000.0,29.0,190.0,84.0,2.0,62.9,54.7,64.3,65.9,77.6,0.0,German 1. Bundesliga,Hertha BSC,14.0,18.0,47.0,23.5,68.33333333333333,47.2
77.0,80.0,37000.0,27.0,188.0,83.0,2.0,58.0,35.0,51.0,56.0,79.0,0.0,English Premier League,Newcastle United,51.0,44.6,62.6,52.166666666666664,16.916666666666668,60.2
77.0,77.0,25000.0,33.0,190.0,83.0,2.0,33.0,33.0,56.0,65.0,83.0,0.0,French Ligue 1,Stade de Reims,45.6,59.6,65.6,59.333333333333336,17.233333333333334,43.4
77.0,78.0,55000.0,26.0,172.0,67.0,1.0,82.0,76.0,74.0,80.0,61.0,1.0,English Premier League,Brighton & Hove Albion,72.2,75.8,72.8,61.5,15.799999999999999,82.8
77.0,77.0,52000.0,29.0,184.0,75.0,2.0,64.0,49.0,66.0,69.0,76.0,0.0,English Premier League,Brighton & Hove Albion,61.2,57.0,65.6,65.16666666666667,15.133333333333333,67.4
77.0,82.0,52000.0,24.0,173.0,69.0,1.0,77.0,78.0,67.0,73.0,71.0,1.0,English Premier League,Brighton & Hove Albion,72.8,64.6,69.8,67.66666666666667,16.633333333333333,78.2
77.0,79.0,65000.0,27.0,186.0,76.0,2.0,71.0,40.0,62.0,65.0,78.0,0.0,English Premier League,Leeds United,55.6,54.0,62.6,64.33333333333333,16.3,68.8
77.0,81.0,46000.0,25.0,187.0,82.0,2.0,71.0,77.0,66.0,75.0,76.0,1.0,French Ligue 1,Stade Rennais FC,71.4,70.2,74.8,66.5,16.083333333333332,69.2
77.0,78.0,59000.0,27.0,183.0,79.0,2.0,78.0,79.0,71.0,79.0,61.0,1.0,German 1. Bundesliga,VfL Wolfsburg,70.0,71.0,71.0,62.833333333333336,16.150000000000002,77.6
77.0,82.0,52000.0,25.0,183.0,70.0,1.0,74.0,46.0,72.0,72.0,68.0,0.0,English Premier League,Aston Villa,59.0,71.2,61.6,63.333333333333336,17.633333333333333,70.6
77.0,79.0,43000.0,27.0,193.0,83.0,1.0,34.0,41.0,54.0,51.0,80.0,0.0,French Ligue 1,AS Monaco,51.6,46.8,62.2,56.833333333333336,16.533333333333335,41.2
77.0,80.0,59000.0,25.0,172.0,67.0,1.0,77.0,72.0,73.0,81.0,54.0,1.0,English Premier League,West Ham United,66.4,73.6,64.0,64.5,16.816666666666666,78.0
77.0,81.0,20000.0,27.0,189.0,80.0,1.0,66.0,50.9,62.8,66.4,72.9,0.0,French Ligue 1,Montpellier Hérault SC,25.0,26.0,51.0,32.0,71.5,51.4
77.0,82.0,15000.0,24.0,190.0,78.0,2.0,71.9,56.4,59.4,69.4,67.5,0.0,French Ligue 1,Angers SCO,18.2,19.6,49.0,27.333333333333332,68.83333333333333,36.0
77.0,80.0,45000.0,25.0,192.0,90.0,2.0,58.0,47.0,63.0,59.0,78.0,0.0,English Premier League,Crystal Palace,52.6,57.0,68.4,61.166666666666664,17.25,59.2
77.0,81.0,56000.0,24.0,184.0,75.0,1.0,73.0,43.0,69.0,69.0,77.0,0.0,English Premier League,Everton,59.8,60.2,65.2,64.5,17.633333333333333,70.6
77.0,79.0,26000.0,26.0,185.0,73.0,2.0,58.0,69.0,69.0,73.0,73.0,0.0,German 1. Bundesliga,1. FC Köln,68.6,69.4,75.6,67.83333333333333,17.900000000000002,65.4
77.0,82.0,38000.0,25.0,177.0,73.0,1.0,83.0,77.0,71.0,83.0,65.0,1.0,English Premier League,Norwich City,69.4,75.6,68.8,68.0,15.416666666666666,83.4
77.0,80.0,25000.0,24.0,184.0,77.0,2.0,79.0,64.0,77.0,76.0,79.0,0.0,German 1. Bundesliga,Eintracht Frankfurt,69.4,71.6,73.6,73.0,14.233333333333334,75.8
77.0,80.0,18000.0,25.0,182.0,75.0,1.0,81.0,51.0,70.0,72.0,79.0,0.0,French Ligue 1,FC Metz,60.0,64.8,72.2,67.5,17.966666666666665,75.2
77.0,78.0,40000.0,27.0,174.0,70.0,1.0,86.0,72.0,74.0,79.0,63.0,1.0,English Premier League,Newcastle United,67.4,73.8,65.0,69.5,16.366666666666667,80.2
77.0,83.0,24000.0,23.0,180.0,70.0,2.0,74.0,72.0,75.0,81.0,65.0,1.0,French Ligue 1,FC Nantes,69.0,75.2,71.4,69.66666666666667,17.900000000000002,75.8
77.0,83.0,41000.0,23.0,173.0,68.0,1.0,74.0,72.0,75.0,74.0,73.0,0.0,English Premier League,Southampton,70.2,73.2,73.6,72.66666666666667,15.366666666666667,75.2
77.0,82.0,21000.0,23.0,193.0,89.0,2.0,67.0,39.0,54.0,60.0,72.0,0.0,German 1. Bundesliga,FC Augsburg,47.2,48.4,61.2,56.5,14.816666666666668,68.6
77.0,81.0,37000.0,23.0,179.0,70.0,1.0,72.0,54.0,74.0,75.0,59.0,1.0,French Ligue 1,AS Monaco,61.8,72.6,63.2,66.83333333333333,15.583333333333334,74.4
77.0,82.0,18000.0,23.0,190.0,88.0,1.0,72.7,49.8,59.2,64.2,71.7,0.0,German 1. Bundesliga,VfB Stuttgart,15.2,19.0,45.0,25.666666666666668,69.83333333333333,48.8
77.0,79.0,42000.0,23.0,173.0,66.0,1.0,81.0,75.0,73.0,81.0,52.0,1.0,French Ligue 1,Olympique de Marseille,70.0,75.2,65.4,57.833333333333336,15.200000000000001,79.8
77.0,84.0,19000.0,21.0,192.0,80.0,2.0,75.0,47.0,70.0,74.0,76.0,0.0,German 1. Bundesliga,Eintracht Frankfurt,57.8,63.4,68.8,66.33333333333333,14.299999999999999,66.8
77.0,84.0,56000.0,22.0,185.0,68.0,1.0,74.0,63.0,75.0,75.0,76.0,0.0,French Ligue 1,Olympique de Marseille,64.4,74.6,72.6,72.83333333333333,16.133333333333333,73.4
77.0,82.0,47000.0,23.0,175.0,66.0,2.0,67.0,67.0,74.0,76.0,69.0,0.0,English Premier League,Aston Villa,66.2,71.8,71.4,65.66666666666667,15.833333333333334,72.4
77.0,84.0,28000.0,22.0,187.0,68.0,2.0,76.0,68.0,75.0,80.0,59.0,1.0,French Ligue 1,OGC Nice,65.0,74.2,66.2,59.166666666666664,15.0,76.0
77.0,87.0,46000.0,20.0,186.0,74.0,1.0,79.0,78.0,79.0,79.0,64.0,1.0,German 1. Bundesliga,RB Leipzig,73.2,83.0,76.0,62.0,15.75,73.8
77.0,81.0,42000.0,24.0,184.0,73.0,2.0,84.0,77.0,74.0,76.0,66.0,1.0,French Ligue 1,Stade Rennais FC,73.0,72.0,73.0,62.833333333333336,14.700000000000001,76.8
77.0,77.0,29000.0,28.0,178.0,67.0,1.0,85.0,66.0,70.0,76.0,71.0,0.0,French Ligue 1,Racing Club de Lens,66.0,67.0,71.4,64.16666666666667,18.599999999999998,80.0
77.0,85.0,34000.0,21.0,196.0,74.0,1.0,64.1,53.2,65.2,66.5,76.3,0.0,English Premier League,Leeds United,18.6,22.8,41.4,32.333333333333336,69.66666666666667,42.2
77.0,83.0,27000.0,21.0,183.0,70.0,1.0,72.0,68.0,77.0,80.0,67.0,1.0,English Premier League,Burnley,68.0,77.0,70.4,65.0,17.233333333333334,74.6
77.0,82.0,23000.0,23.0,187.0,79.0,2.0,79.0,43.0,75.0,75.0,69.0,1.0,German 1. Bundesliga,VfB Stuttgart,59.0,70.8,62.8,62.166666666666664,13.716666666666667,74.2
77.0,87.0,18000.0,18.0,185.0,79.0,2.0,77.0,71.0,74.0,82.0,71.0,1.0,German 1. Bundesliga,Borussia Dortmund,67.2,74.0,73.8,61.0,17.3,78.2
77.0,88.0,29000.0,19.0,171.0,60.0,3.0,92.0,66.0,67.0,83.0,67.0,1.0,French Ligue 1,Stade Rennais FC,59.6,65.4,69.2,57.666666666666664,15.966666666666667,88.4
76.0,76.0,20000.0,37.0,189.0,91.0,3.0,32.0,51.0,67.0,64.0,76.0,0.0,French Ligue 1,OGC Nice,61.0,62.8,65.6,64.5,15.549999999999999,49.0
76.0,76.0,70000.0,31.0,179.0,85.0,2.0,74.0,53.0,72.0,75.0,71.0,0.0,English Premier League,Leicester City,62.4,71.6,64.8,67.66666666666667,19.066666666666666,72.0
76.0,76.0,21000.0,33.0,193.0,84.0,2.0,35.0,33.0,54.0,48.0,73.0,0.0,French Ligue 1,Angers SCO,46.0,48.0,58.8,57.5,15.816666666666668,46.2
76.0,76.0,63000.0,29.0,185.0,72.0,2.0,66.0,54.0,64.0,72.0,75.0,0.0,English Premier League,Leeds United,60.2,57.2,71.8,63.166666666666664,16.483333333333334,67.0
76.0,76.0,37000.0,31.0,180.0,80.0,1.0,76.0,76.0,60.0,75.0,68.0,1.0,English Premier League,Norwich City,66.8,58.2,71.0,68.16666666666667,14.916666666666666,76.8
76.0,76.0,51000.0,30.0,181.0,78.0,2.0,50.0,74.0,80.0,75.0,71.0,1.0,English Premier League,Brighton & Hove Albion,70.4,78.4,74.8,71.83333333333333,18.8,63.2
76.0,76.0,31000.0,29.0,194.0,87.0,2.0,71.0,57.0,72.0,68.0,75.0,0.0,German 1. Bundesliga,TSG Hoffenheim,63.8,67.4,68.0,67.33333333333333,15.566666666666668,63.2
76.0,76.0,22000.0,34.0,195.0,85.0,1.0,69.7,59.4,63.9,68.2,73.0,0.0,German 1. Bundesliga,1. FC Union Berlin,15.4,14.4,46.6,24.666666666666668,66.83333333333333,44.8
76.0,76.0,33000.0,30.0,176.0,82.0,2.0,69.0,79.0,76.0,77.0,67.0,1.0,French Ligue 1,AS Saint-Étienne,71.6,75.8,66.0,73.16666666666667,14.1,73.0
76.0,76.0,23000.0,33.0,189.0,89.0,2.0,41.0,53.0,60.0,59.0,85.0,0.0,French Ligue 1,FC Nantes,60.8,53.2,74.6,59.166666666666664,17.366666666666667,46.8
76.0,76.0,31000.0,32.0,181.0,78.0,1.0,66.0,61.0,73.0,72.0,74.0,0.0,English Premier League,Burnley,68.8,67.8,73.2,68.33333333333333,14.733333333333334,67.6
76.0,78.0,21000.0,28.0,192.0,90.0,2.0,63.4,44.4,58.7,63.2,74.2,0.0,German 1. Bundesliga,1. FC Köln,18.0,19.6,44.8,28.166666666666668,68.16666666666667,51.2
76.0,78.0,30000.0,27.0,196.0,80.0,1.0,64.6,57.3,65.0,68.7,70.9,0.0,French Ligue 1,Stade Rennais FC,17.4,19.6,46.8,32.333333333333336,69.16666666666667,54.2
76.0,76.0,25000.0,31.0,179.0,80.0,2.0,77.0,63.0,76.0,76.0,75.0,0.0,German 1. Bundesliga,Sport-Club Freiburg,67.2,78.8,72.0,70.0,15.066666666666668,76.8
76.0,76.0,23000.0,29.0,188.0,83.0,2.0,71.0,58.0,65.0,64.0,75.0,0.0,German 1. Bundesliga,FC Augsburg,58.8,56.6,73.0,67.66666666666667,16.55,69.2
76.0,76.0,28000.0,29.0,190.0,77.0,2.0,39.0,41.0,52.0,50.0,72.0,0.0,German 1. Bundesliga,1. FC Union Berlin,49.0,47.4,59.8,55.833333333333336,17.0,52.0
76.0,76.0,19000.0,29.0,180.0,70.0,1.0,85.0,51.0,72.0,74.0,75.0,0.0,French Ligue 1,FC Metz,58.4,66.6,66.6,67.33333333333333,16.966666666666665,77.4
76.0,77.0,31000.0,27.0,185.0,70.0,1.0,69.0,54.0,70.0,72.0,77.0,0.0,English Premier League,Burnley,62.4,68.8,70.0,66.33333333333333,16.566666666666666,68.8
76.0,79.0,34000.0,26.0,185.0,79.0,1.0,58.0,60.0,63.0,70.0,78.0,1.0,English Premier League,Newcastle United,54.4,59.4,73.4,69.83333333333333,15.933333333333332,61.2
76.0,76.0,24000.0,29.0,173.0,73.0,2.0,59.0,65.0,74.0,73.0,75.0,0.0,French Ligue 1,Montpellier Hérault SC,62.6,70.0,72.4,72.0,17.066666666666666,70.0
76.0,76.0,36000.0,29.0,183.0,78.0,2.0,70.0,75.0,66.0,76.0,68.0,1.0,German 1. Bundesliga,TSG Hoffenheim,70.8,71.0,76.8,57.666666666666664,17.566666666666666,73.4
76.0,78.0,23000.0,26.0,177.0,67.0,1.0,75.0,57.0,69.0,72.0,77.0,0.0,French Ligue 1,Stade de Reims,62.2,68.2,75.2,66.33333333333333,16.033333333333335,73.0
76.0,77.0,23000.0,27.0,177.0,72.0,2.0,68.0,70.0,76.0,77.0,69.0,1.0,French Ligue 1,RC Strasbourg Alsace,68.8,74.6,72.4,72.0,17.033333333333335,74.0
76.0,77.0,36000.0,29.0,188.0,84.0,2.0,58.0,67.0,70.0,68.0,75.0,0.0,English Premier League,Newcastle United,67.8,68.4,75.2,72.0,16.233333333333334,63.0
76.0,78.0,25000.0,26.0,186.0,87.0,2.0,76.0,42.0,56.0,62.0,77.0,0.0,German 1. Bundesliga,VfB Stuttgart,49.2,53.6,69.4,59.833333333333336,16.733333333333334,68.6
76.0,79.0,21000.0,26.0,182.0,81.0,2.0,71.0,42.0,66.0,69.0,81.0,0.0,French Ligue 1,RC Strasbourg Alsace,56.0,60.6,69.2,64.16666666666667,14.65,69.0
76.0,80.0,46000.0,25.0,187.0,70.0,1.0,80.0,75.0,58.0,72.0,80.0,1.0,English Premier League,Brentford,69.6,62.2,76.8,70.83333333333333,15.416666666666666,77.8
76.0,76.0,29000.0,28.0,185.0,82.0,2.0,78.0,77.0,64.0,74.0,73.0,1.0,French Ligue 1,FC Girondins de Bordeaux,70.2,67.6,76.2,64.33333333333333,15.466666666666667,74.8
76.0,79.0,37000.0,26.0,190.0,88.0,2.0,77.0,52.0,64.0,69.0,76.0,0.0,German 1. Bundesliga,Hertha BSC,60.4,56.6,67.4,63.333333333333336,17.416666666666668,70.6
76.0,76.0,43000.0,28.0,175.0,70.0,2.0,73.0,69.0,73.0,77.0,64.0,1.0,French Ligue 1,Stade Rennais FC,64.4,73.4,67.2,61.333333333333336,17.2,75.4
76.0,77.0,56000.0,26.0,188.0,90.0,1.0,73.0,78.0,70.0,76.0,69.0,1.0,English Premier League,Aston Villa,72.6,71.6,72.2,64.33333333333333,16.966666666666665,71.4
76.0,79.0,33000.0,25.0,180.0,69.0,1.0,69.0,67.0,72.0,74.0,76.0,1.0,English Premier League,Burnley,65.4,71.2,79.0,68.5,15.1,71.2
76.0,82.0,46000.0,24.0,172.0,69.0,1.0,90.0,77.0,66.0,76.0,71.0,1.0,English Premier League,Southampton,69.0,67.6,75.6,68.5,16.75,86.8
76.0,78.0,23000.0,27.0,173.0,73.0,2.0,61.0,55.0,67.0,72.0,76.0,1.0,French Ligue 1,FC Girondins de Bordeaux,59.2,61.6,71.2,67.83333333333333,16.033333333333335,69.6
76.0,81.0,22000.0,23.0,182.0,71.0,1.0,89.0,72.0,67.0,75.0,67.0,1.0,French Ligue 1,Montpellier Hérault SC,70.6,62.8,72.0,56.666666666666664,15.016666666666666,76.0
76.0,79.0,21000.0,25.0,190.0,85.0,2.0,77.0,39.0,60.0,66.0,78.0,0.0,German 1. Bundesliga,1. FSV Mainz 05,56.4,53.0,62.8,60.666666666666664,13.983333333333334,68.8
76.0,77.0,30000.0,26.0,180.0,70.0,2.0,80.0,75.0,70.0,78.0,69.0,1.0,French Ligue 1,AS Saint-Étienne,71.6,72.8,72.0,66.33333333333333,16.733333333333334,76.2
76.0,81.0,46000.0,24.0,178.0,70.0,1.0,84.0,77.0,62.0,74.0,77.0,1.0,English Premier League,Southampton,66.8,64.6,78.6,64.83333333333333,18.416666666666668,78.6
76.0,80.0,19000.0,24.0,184.0,74.0,2.0,91.0,58.0,66.0,74.0,73.0,0.0,German 1. Bundesliga,1. FSV Mainz 05,63.0,58.4,69.2,67.16666666666667,16.8,79.6
76.0,82.0,31000.0,23.0,197.0,85.0,1.0,69.0,57.3,67.2,71.7,71.1,0.0,English Premier League,Brighton & Hove Albion,20.4,25.6,48.8,28.0,69.33333333333333,45.2
76.0,76.0,36000.0,28.0,186.0,70.0,1.0,67.0,72.0,77.0,76.0,74.0,1.0,English Premier League,Norwich City,68.0,76.6,76.0,71.33333333333333,15.9,68.0
76.0,81.0,35000.0,24.0,184.0,75.0,2.0,69.0,69.0,71.0,77.0,79.0,1.0,German 1. Bundesliga,Hertha BSC,66.0,72.4,78.0,71.16666666666667,15.766666666666666,70.4
76.0,79.0,21000.0,24.0,189.0,83.0,2.0,64.0,28.0,56.0,61.0,73.0,0.0,German 1. Bundesliga,Sport-Club Freiburg,47.2,50.2,55.0,56.5,16.483333333333334,63.2
76.0,85.0,52000.0,23.0,185.0,77.0,1.0,69.0,27.0,61.0,67.0,76.0,0.0,English Premier League,Arsenal,48.2,50.2,59.4,58.0,14.966666666666667,65.4
76.0,83.0,26000.0,21.0,184.0,80.0,1.0,88.0,68.0,67.0,78.0,66.0,1.0,German 1. Bundesliga,Eintracht Frankfurt,62.2,67.8,68.2,60.666666666666664,14.9,80.8
76.0,81.0,23000.0,23.0,178.0,82.0,2.0,70.0,53.0,71.0,83.0,71.0,1.0,German 1. Bundesliga,VfB Stuttgart,56.8,71.0,68.2,67.5,13.200000000000001,77.2
76.0,79.0,23000.0,24.0,183.0,76.0,2.0,72.0,70.0,70.0,79.0,61.0,1.0,German 1. Bundesliga,Sport-Club Freiburg,67.2,63.4,64.0,62.666666666666664,14.700000000000001,73.6
76.0,79.0,28000.0,25.0,175.0,70.0,2.0,66.0,49.0,65.0,72.0,74.0,0.0,German 1. Bundesliga,TSG Hoffenheim,54.0,59.8,67.8,70.16666666666667,15.333333333333334,73.2
76.0,83.0,39000.0,22.0,172.0,66.0,1.0,89.0,72.0,67.0,81.0,58.0,1.0,French Ligue 1,OGC Nice,65.4,69.2,66.4,61.5,14.816666666666668,84.2
76.0,80.0,26000.0,25.0,175.0,66.0,2.0,90.0,68.0,71.0,79.0,69.0,0.0,French Ligue 1,OGC Nice,69.0,70.6,67.8,72.16666666666667,14.933333333333332,83.0
76.0,84.0,29000.0,20.0,194.0,75.0,2.0,62.0,39.0,63.0,58.0,76.0,0.0,French Ligue 1,AS Monaco,48.6,55.4,69.2,62.5,14.6,53.4
76.0,80.0,36000.0,25.0,188.0,76.0,2.0,60.0,45.0,60.0,61.0,77.0,0.0,French Ligue 1,Stade Rennais FC,52.8,55.0,69.4,60.666666666666664,15.9,61.6
76.0,85.0,84000.0,21.0,183.0,77.0,1.0,79.0,71.0,70.0,81.0,69.0,1.0,English Premier League,Wolverhampton Wanderers,67.8,74.0,71.4,64.16666666666667,15.333333333333334,77.2
76.0,84.0,38000.0,22.0,191.0,85.0,1.0,67.0,36.0,51.0,55.0,79.0,0.0,English Premier League,Southampton,47.6,49.8,62.8,51.666666666666664,14.25,60.8
76.0,84.0,20000.0,21.0,190.0,88.0,1.0,76.0,44.0,61.0,64.0,76.0,0.0,French Ligue 1,OGC Nice,54.0,57.6,65.0,60.666666666666664,15.716666666666667,65.6
75.0,75.0,13000.0,35.0,180.0,75.0,2.0,61.4,44.5,55.6,61.5,72.6,0.0,French Ligue 1,Racing Club de Lens,16.0,20.0,45.6,30.0,69.83333333333333,51.0
75.0,75.0,46000.0,33.0,178.0,66.0,1.0,53.0,66.0,72.0,74.0,73.0,1.0,English Premier League,Crystal Palace,66.8,68.2,67.2,76.16666666666667,15.083333333333334,65.4
75.0,75.0,22000.0,31.0,187.0,83.0,3.0,47.0,33.0,64.0,55.0,79.0,0.0,French Ligue 1,Montpellier Hérault SC,49.6,51.8,61.2,61.833333333333336,15.383333333333333,53.2
75.0,75.0,50000.0,30.0,190.0,83.0,2.0,54.0,76.0,62.0,68.0,75.0,1.0,English Premier League,Crystal Palace,72.2,63.4,76.8,62.833333333333336,15.299999999999999,57.4
75.0,75.0,20000.0,34.0,184.0,87.0,2.0,40.0,39.0,58.0,50.0,86.0,0.0,French Ligue 1,Angers SCO,48.2,53.6,68.8,59.5,15.883333333333333,53.6
75.0,75.0,35000.0,31.0,186.0,84.0,1.0,57.0,75.0,68.0,72.0,79.0,1.0,English Premier League,Burnley,73.8,65.8,75.6,72.33333333333333,15.1,64.4
75.0,75.0,34000.0,31.0,193.0,79.0,1.0,64.2,56.2,63.6,65.8,77.8,0.0,English Premier League,Southampton,17.8,20.4,45.2,37.5,70.16666666666667,52.6
75.0,75.0,60000.0,29.0,188.0,73.0,1.0,50.0,35.0,56.0,58.0,78.0,0.0,English Premier League,Leeds United,50.0,47.2,64.4,57.166666666666664,17.7,57.6
75.0,75.0,32000.0,30.0,179.0,77.0,1.0,67.0,73.0,76.0,75.0,67.0,1.0,English Premier League,Burnley,71.8,76.4,73.0,70.83333333333333,14.833333333333334,70.4
75.0,75.0,31000.0,34.0,178.0,76.0,2.0,67.0,76.0,75.0,78.0,64.0,1.0,French Ligue 1,AS Saint-Étienne,74.4,74.8,68.4,65.83333333333333,17.400000000000002,71.8
75.0,75.0,63000.0,31.0,183.0,82.0,1.0,66.0,72.0,74.0,73.0,75.0,1.0,English Premier League,Leeds United,65.4,72.2,73.8,71.5,19.150000000000002,69.2
75.0,75.0,38000.0,30.0,194.0,86.0,1.0,59.0,42.0,53.0,62.0,80.0,0.0,English Premier League,Brentford,47.6,56.0,66.2,57.5,14.25,54.8
75.0,75.0,27000.0,28.0,176.0,71.0,2.0,72.0,73.0,72.0,77.0,61.0,1.0,German 1. Bundesliga,1. FC Köln,66.4,72.6,69.8,60.0,16.566666666666666,76.8
75.0,75.0,52000.0,29.0,182.0,81.0,2.0,76.0,74.0,70.0,78.0,72.0,1.0,English Premier League,Crystal Palace,73.2,72.0,73.4,66.66666666666667,15.466666666666667,76.0
75.0,75.0,31000.0,29.0,187.0,81.0,1.0,52.0,32.0,45.0,51.0,74.0,0.0,English Premier League,Norwich City,44.6,43.4,57.2,53.5,15.733333333333334,54.8
75.0,75.0,27000.0,29.0,185.0,72.0,2.0,73.0,77.0,72.0,76.0,68.0,1.0,German 1. Bundesliga,1. FC Köln,71.4,75.8,74.6,64.16666666666667,15.233333333333334,73.2
75.0,75.0,33000.0,32.0,190.0,83.0,2.0,47.0,30.0,55.0,54.0,74.0,0.0,English Premier League,Newcastle United,46.8,52.0,55.6,59.166666666666664,17.766666666666666,52.6
75.0,75.0,63000.0,30.0,183.0,81.0,1.0,74.0,69.0,70.0,73.0,75.0,1.0,English Premier League,Leeds United,67.0,64.8,72.4,69.16666666666667,16.983333333333334,73.0
75.0,76.0,23000.0,27.0,178.0,73.0,2.0,72.0,69.0,74.0,78.0,65.0,1.0,German 1. Bundesliga,1. FSV Mainz 05,69.2,72.6,71.4,61.666666666666664,16.366666666666667,75.6
75.0,77.0,58000.0,26.0,182.0,82.0,2.0,66.0,56.0,70.0,68.0,76.0,0.0,English Premier League,Arsenal,64.0,64.0,68.2,65.83333333333333,17.316666666666666,65.8
75.0,76.0,44000.0,26.0,180.0,77.0,1.0,73.0,67.0,73.0,77.0,62.0,0.0,English Premier League,Brighton & Hove Albion,64.2,72.0,65.6,64.83333333333333,16.7,74.6
75.0,80.0,44000.0,26.0,191.0,75.0,1.0,69.0,31.0,59.0,68.0,74.0,0.0,English Premier League,Brighton & Hove Albion,51.2,52.0,58.2,54.333333333333336,16.033333333333335,65.4
75.0,75.0,58000.0,32.0,178.0,72.0,2.0,71.0,56.0,71.0,72.0,71.0,0.0,English Premier League,Wolverhampton Wanderers,61.8,67.6,66.4,68.0,17.150000000000002,70.6
75.0,77.0,20000.0,28.0,195.0,87.0,1.0,66.0,50.9,62.8,66.4,72.9,0.0,German 1. Bundesliga,Sport-Club Freiburg,16.4,21.0,44.2,23.333333333333332,66.83333333333333,41.8
75.0,75.0,25000.0,30.0,185.0,80.0,2.0,72.0,75.0,67.0,70.0,83.0,1.0,German 1. Bundesliga,FC Augsburg,73.4,62.6,81.6,65.83333333333333,18.400000000000002,68.4
75.0,75.0,25000.0,30.0,187.0,86.0,2.0,72.0,76.0,63.0,73.0,79.0,1.0,German 1. Bundesliga,FC Augsburg,69.8,61.8,75.6,67.16666666666667,17.233333333333334,71.0
75.0,76.0,23000.0,27.0,183.0,80.0,2.0,77.0,62.0,62.0,70.0,80.0,1.0,German 1. Bundesliga,1. FSV Mainz 05,57.4,61.0,75.4,65.33333333333333,14.383333333333333,72.0
75.0,75.0,29000.0,27.0,184.0,85.0,2.0,71.0,68.0,73.0,76.0,75.0,1.0,French Ligue 1,OGC Nice,68.4,73.2,72.6,71.0,17.416666666666668,72.2
75.0,76.0,18000.0,28.0,170.0,65.0,1.0,72.0,49.0,68.0,73.0,75.0,1.0,French Ligue 1,FC Lorient,54.6,60.6,70.4,63.0,16.466666666666665,75.6
75.0,75.0,22000.0,28.0,183.0,79.0,2.0,78.0,61.0,69.0,73.0,78.0,0.0,German 1. Bundesliga,1. FSV Mainz 05,63.2,67.6,77.0,65.83333333333333,14.683333333333332,74.0
75.0,75.0,22000.0,29.0,170.0,72.0,1.0,73.0,59.0,66.0,75.0,69.0,0.0,German 1. Bundesliga,VfL Bochum 1848,61.4,65.4,70.0,63.333333333333336,17.016666666666666,78.0
75.0,76.0,23000.0,25.0,168.0,69.0,2.0,92.0,70.0,66.0,79.0,65.0,1.0,French Ligue 1,FC Nantes,67.4,63.6,74.4,57.833333333333336,16.033333333333335,86.6
75.0,78.0,66000.0,25.0,183.0,75.0,2.0,86.0,71.0,67.0,79.0,55.0,1.0,English Premier League,Everton,58.8,69.6,63.2,53.833333333333336,16.966666666666665,79.8
75.0,77.0,16000.0,24.0,180.0,70.0,2.0,77.0,73.0,71.0,75.0,57.0,1.0,French Ligue 1,Stade Brestois 29,70.0,67.8,70.2,61.666666666666664,18.016666666666666,72.6
75.0,76.0,26000.0,28.0,180.0,75.0,1.0,71.0,29.0,60.0,67.0,82.0,0.0,French Ligue 1,Racing Club de Lens,49.2,51.4,67.0,59.666666666666664,16.066666666666666,70.2
75.0,80.0,19000.0,24.0,185.0,73.0,1.0,75.0,69.0,72.0,73.0,70.0,0.0,French Ligue 1,Montpellier Hérault SC,67.0,72.8,76.2,66.66666666666667,17.133333333333333,74.2
75.0,79.0,24000.0,24.0,189.0,82.0,2.0,71.0,29.0,50.0,45.0,71.0,0.0,German 1. Bundesliga,TSG Hoffenheim,46.4,38.4,55.6,53.5,13.066666666666668,63.0
75.0,80.0,34000.0,24.0,193.0,88.0,1.0,64.2,56.2,63.6,65.8,77.8,0.0,French Ligue 1,AS Monaco,17.6,19.2,48.2,20.5,70.0,51.4
75.0,83.0,33000.0,23.0,196.0,94.0,1.0,73.0,55.0,61.0,68.0,83.0,0.0,English Premier League,Brentford,60.0,62.0,67.4,63.0,15.433333333333332,58.6
75.0,77.0,17000.0,27.0,177.0,68.0,1.0,60.0,49.0,71.0,71.0,73.0,0.0,French Ligue 1,Stade Brestois 29,56.4,68.4,63.2,66.66666666666667,19.016666666666666,64.8
75.0,82.0,28000.0,23.0,177.0,70.0,1.0,72.0,68.0,72.0,78.0,51.0,1.0,English Premier League,Norwich City,63.6,72.8,58.4,60.166666666666664,17.666666666666668,74.0
75.0,80.0,23000.0,23.0,191.0,74.0,1.0,53.0,32.0,51.0,49.0,80.0,0.0,French Ligue 1,AS Saint-Étienne,44.6,44.0,57.8,57.5,17.55,50.4
75.0,78.0,20000.0,24.0,189.0,84.0,1.0,66.0,46.0,57.0,64.0,79.0,0.0,German 1. Bundesliga,VfB Stuttgart,53.2,54.6,67.0,61.666666666666664,17.216666666666665,63.2
75.0,80.0,18000.0,23.0,178.0,76.0,1.0,68.0,65.0,71.0,76.0,73.0,0.0,German 1. Bundesliga,FC Augsburg,65.2,67.8,70.4,69.83333333333333,14.633333333333333,74.6
75.0,78.0,18000.0,25.0,172.0,65.0,1.0,77.0,68.0,72.0,79.0,65.0,1.0,French Ligue 1,Stade Brestois 29,68.2,73.4,69.4,63.833333333333336,16.466666666666665,79.0
75.0,79.0,23000.0,24.0,188.0,73.0,1.0,67.0,64.0,68.0,72.0,78.0,1.0,French Ligue 1,OGC Nice,61.8,64.2,75.2,68.33333333333333,14.533333333333333,68.0
75.0,78.0,17000.0,26.0,185.0,77.0,1.0,66.0,61.0,67.0,65.0,76.0,0.0,French Ligue 1,FC Metz,63.6,64.0,72.8,67.5,14.5,65.6
75.0,78.0,21000.0,25.0,176.0,71.0,1.0,79.0,48.0,68.0,75.0,71.0,0.0,French Ligue 1,Stade de Reims,60.8,63.8,64.4,65.0,12.816666666666668,76.0
75.0,78.0,16000.0,25.0,180.0,73.0,1.0,90.0,71.0,63.0,77.0,74.0,1.0,French Ligue 1,FC Girondins de Bordeaux,66.8,66.0,72.8,64.5,14.683333333333332,79.8
75.0,80.0,21000.0,22.0,184.0,77.0,1.0,78.0,33.0,60.0,68.0,75.0,0.0,French Ligue 1,Racing Club de Lens,51.8,52.6,55.6,64.5,15.983333333333334,72.2
75.0,78.0,16000.0,25.0,181.0,80.0,1.0,59.0,55.0,67.0,68.0,86.0,1.0,French Ligue 1,FC Metz,56.0,64.8,77.0,67.5,16.349999999999998,64.2
75.0,83.0,26000.0,21.0,186.0,76.0,1.0,76.0,72.0,68.0,76.0,69.0,1.0,English Premier League,Newcastle United,68.4,66.8,67.8,68.5,14.733333333333334,74.6
75.0,80.0,23000.0,24.0,180.0,63.0,1.0,65.0,60.0,67.0,76.0,67.0,0.0,French Ligue 1,AS Saint-Étienne,59.4,65.0,65.4,71.66666666666667,16.216666666666665,68.2
75.0,77.0,19000.0,25.0,176.0,69.0,1.0,91.0,72.0,67.0,73.0,79.0,1.0,French Ligue 1,ESTAC Troyes,70.8,64.0,77.4,65.83333333333333,15.299999999999999,83.2
75.0,83.0,20000.0,22.0,179.0,68.0,2.0,83.0,69.0,67.0,79.0,65.0,1.0,German 1. Bundesliga,FC Augsburg,67.0,66.2,74.0,59.166666666666664,13.883333333333333,84.0
75.0,81.0,33000.0,23.0,183.0,70.0,1.0,87.0,58.0,66.0,72.0,81.0,1.0,English Premier League,Brentford,61.4,61.4,71.4,68.5,15.766666666666666,81.6
75.0,83.0,21000.0,21.0,178.0,69.0,1.0,81.0,42.0,64.0,75.0,71.0,0.0,English Premier League,Norwich City,54.8,58.6,58.0,61.333333333333336,14.316666666666668,77.8
75.0,85.0,44000.0,20.0,178.0,70.0,1.0,62.0,46.0,67.0,67.0,70.0,0.0,English Premier League,Tottenham Hotspur,51.2,60.6,60.6,64.5,14.366666666666667,66.0
75.0,83.0,16000.0,22.0,180.0,69.0,2.0,74.0,72.0,73.0,78.0,63.0,1.0,French Ligue 1,Stade Brestois 29,66.4,77.2,69.8,69.33333333333333,19.349999999999998,73.6
75.0,81.0,25000.0,20.0,186.0,78.0,1.0,62.0,70.0,75.0,74.0,66.0,1.0,French Ligue 1,FC Girondins de Bordeaux,67.2,74.2,69.6,69.83333333333333,17.066666666666666,64.8
75.0,80.0,23000.0,23.0,178.0,69.0,1.0,63.0,57.0,67.0,71.0,72.0,0.0,French Ligue 1,AS Saint-Étienne,61.0,65.8,64.6,67.0,13.883333333333333,67.8
75.0,84.0,41000.0,20.0,192.0,85.0,2.0,70.0,33.0,62.0,66.0,77.0,0.0,French Ligue 1,Olympique de Marseille,49.8,59.2,62.4,62.0,14.533333333333333,64.0
75.0,85.0,36000.0,21.0,187.0,82.0,1.0,68.0,36.0,62.0,64.0,77.0,0.0,German 1. Bundesliga,RB Leipzig,50.8,55.4,63.0,62.166666666666664,15.066666666666668,64.8
75.0,79.0,18000.0,23.0,191.0,84.0,1.0,68.0,32.0,53.0,55.0,74.0,0.0,German 1. Bundesliga,DSC Arminia Bielefeld,46.6,46.4,58.8,57.333333333333336,16.966666666666665,61.2
75.0,79.0,18000.0,24.0,181.0,67.0,1.0,81.0,55.0,68.0,72.0,71.0,0.0,German 1. Bundesliga,FC Augsburg,61.0,62.4,65.4,66.16666666666667,17.133333333333333,74.6
75.0,83.0,19000.0,19.0,173.0,63.0,1.0,74.0,55.0,70.0,73.0,69.0,0.0,French Ligue 1,Stade Rennais FC,62.2,66.8,65.4,66.16666666666667,12.299999999999999,74.0
74.0,74.0,16000.0,36.0,178.0,72.0,2.0,34.0,46.0,63.0,62.0,77.0,1.0,French Ligue 1,Racing Club de Lens,53.4,57.4,64.2,68.0,19.183333333333334,54.0
74.0,74.0,21000.0,34.0,183.0,79.0,2.0,48.0,69.0,76.0,70.0,72.0,0.0,French Ligue 1,Angers SCO,68.8,74.4,73.6,73.16666666666667,16.983333333333334,58.2
74.0,74.0,39000.0,31.0,188.0,83.0,1.0,54.0,52.0,67.0,66.0,71.0,0.0,English Premier League,Crystal Palace,59.2,55.8,65.6,65.66666666666667,14.65,60.2
74.0,74.0,30000.0,31.0,172.0,76.0,1.0,65.0,73.0,75.0,76.0,69.0,0.0,English Premier League,Newcastle United,67.2,74.8,71.6,73.66666666666667,17.733333333333334,70.4
74.0,74.0,43000.0,31.0,175.0,67.0,2.0,60.0,69.0,74.0,73.0,65.0,1.0,English Premier League,Watford,66.0,68.6,67.4,70.33333333333333,17.533333333333335,67.8
74.0,74.0,19000.0,31.0,176.0,70.0,1.0,45.0,47.0,70.0,73.0,72.0,0.0,French Ligue 1,Angers SCO,61.0,63.8,65.8,66.0,17.466666666666665,62.4
74.0,74.0,34000.0,29.0,181.0,78.0,2.0,70.0,56.0,74.0,71.0,71.0,0.0,German 1. Bundesliga,Hertha BSC,62.2,76.2,70.6,64.83333333333333,18.099999999999998,70.2
74.0,74.0,20000.0,31.0,183.0,77.0,1.0,64.0,54.0,65.0,67.0,75.0,0.0,German 1. Bundesliga,SpVgg Greuther Fürth,60.2,58.6,67.6,64.16666666666667,14.716666666666667,66.0
74.0,74.0,21000.0,29.0,192.0,88.0,2.0,40.0,38.0,52.0,49.0,73.0,0.0,German 1. Bundesliga,1. FSV Mainz 05,49.2,46.4,60.6,56.333333333333336,16.316666666666666,43.6
74.0,74.0,16000.0,32.0,186.0,83.0,1.0,65.2,50.8,63.1,65.8,70.1,0.0,German 1. Bundesliga,VfL Bochum 1848,23.2,34.2,50.0,41.833333333333336,69.33333333333333,57.2
74.0,76.0,39000.0,27.0,185.0,75.0,1.0,53.0,42.0,61.0,67.0,73.0,0.0,English Premier League,Southampton,52.4,63.4,62.0,58.666666666666664,16.983333333333334,59.4
74.0,74.0,27000.0,29.0,190.0,86.0,1.0,54.0,73.0,54.0,69.0,76.0,1.0,German 1. Bundesliga,1. FC Köln,66.8,52.4,72.6,62.0,16.233333333333334,60.2
74.0,74.0,23000.0,29.0,183.0,72.0,2.0,74.0,56.0,66.0,69.0,69.0,0.0,German 1. Bundesliga,Eintracht Frankfurt,59.8,59.4,66.6,65.66666666666667,17.216666666666665,71.2
74.0,74.0,21000.0,29.0,187.0,79.0,1.0,58.0,51.0,62.0,65.0,79.0,0.0,German 1. Bundesliga,DSC Arminia Bielefeld,52.4,57.2,66.2,64.0,15.816666666666668,62.4
74.0,74.0,21000.0,27.0,175.0,67.0,2.0,79.0,66.0,72.0,79.0,50.0,1.0,French Ligue 1,Angers SCO,62.4,72.2,55.2,58.833333333333336,15.983333333333334,78.8
74.0,75.0,24000.0,27.0,188.0,84.0,2.0,48.0,43.0,58.0,62.0,80.0,1.0,German 1. Bundesliga,1. FC Union Berlin,49.2,53.6,67.8,62.5,16.066666666666666,57.0
74.0,74.0,26000.0,30.0,179.0,68.0,2.0,84.0,66.0,70.0,78.0,53.0,1.0,German 1. Bundesliga,1. FC Union Berlin,63.4,68.6,64.4,56.5,16.400000000000002,82.2
74.0,78.0,27000.0,25.0,183.0,75.0,1.0,70.8,63.5,65.2,71.6,68.5,0.0,English Premier League,Brentford,22.2,24.0,41.6,31.833333333333332,69.83333333333333,58.2
74.0,81.0,20000.0,24.0,190.0,83.0,1.0,66.0,50.9,62.8,66.4,72.9,0.0,English Premier League,Newcastle United,18.4,18.6,38.2,30.333333333333332,68.0,48.4
74.0,77.0,16000.0,26.0,194.0,96.0,1.0,65.2,50.8,63.1,65.8,70.1,0.0,German 1. Bundesliga,1. FSV Mainz 05,18.8,17.6,45.8,24.166666666666668,70.66666666666667,55.6
74.0,79.0,31000.0,23.0,170.0,66.0,1.0,91.0,40.0,60.0,73.0,70.0,0.0,English Premier League,Brentford,48.8,55.6,62.0,62.333333333333336,16.733333333333334,86.6
74.0,76.0,19000.0,26.0,190.0,83.0,2.0,64.0,73.0,62.0,68.0,80.0,1.0,French Ligue 1,Stade Brestois 29,70.8,58.8,78.0,65.83333333333333,17.3,61.2
74.0,75.0,39000.0,27.0,191.0,87.0,1.0,62.0,42.0,66.0,68.0,73.0,0.0,English Premier League,Watford,56.4,61.8,64.6,59.833333333333336,16.483333333333334,59.4
74.0,74.0,27000.0,30.0,187.0,77.0,1.0,80.0,71.0,68.0,70.0,80.0,1.0,French Ligue 1,Racing Club de Lens,71.4,66.2,78.6,65.5,18.066666666666666,72.0
74.0,79.0,25000.0,23.0,183.0,85.0,1.0,78.0,73.0,60.0,70.0,76.0,1.0,German 1. Bundesliga,1. FC Union Berlin,67.8,57.4,73.6,61.0,14.566666666666668,73.8
74.0,79.0,28000.0,24.0,168.0,70.0,1.0,63.0,47.0,61.0,69.0,72.0,1.0,German 1. Bundesliga,Hertha BSC,50.6,57.0,68.2,62.666666666666664,14.5,74.0
74.0,74.0,21000.0,33.0,181.0,77.0,1.0,54.0,70.0,79.0,73.0,70.0,1.0,French Ligue 1,RC Strasbourg Alsace,69.8,77.4,72.2,72.5,17.983333333333334,62.8
74.0,79.0,28000.0,23.0,177.0,76.0,1.0,83.0,40.0,61.0,69.0,80.0,0.0,German 1. Bundesliga,Hertha BSC,53.4,56.0,67.8,63.833333333333336,13.333333333333334,76.6
74.0,78.0,17000.0,24.0,178.0,68.0,1.0,64.0,47.0,71.0,74.0,64.0,0.0,German 1. Bundesliga,1. FSV Mainz 05,59.2,67.0,63.2,62.333333333333336,17.683333333333334,69.8
74.0,78.0,26000.0,25.0,178.0,71.0,1.0,82.0,48.0,65.0,70.0,67.0,0.0,English Premier League,Norwich City,57.6,62.2,61.4,62.333333333333336,15.933333333333332,76.4
74.0,80.0,16000.0,24.0,186.0,74.0,1.0,72.0,52.0,67.0,68.0,72.0,0.0,French Ligue 1,RC Strasbourg Alsace,63.0,62.4,64.6,63.166666666666664,15.683333333333332,69.8
74.0,80.0,37000.0,23.0,177.0,65.0,1.0,82.0,68.0,66.0,80.0,65.0,1.0,English Premier League,Southampton,63.8,68.2,70.8,61.0,16.416666666666668,81.0
74.0,82.0,31000.0,22.0,186.0,79.0,1.0,69.0,57.0,71.0,75.0,71.0,0.0,German 1. Bundesliga,FC Augsburg,55.0,64.0,67.6,62.5,15.733333333333334,70.0
74.0,82.0,21000.0,22.0,187.0,73.0,1.0,82.0,69.0,60.0,77.0,61.0,1.0,French Ligue 1,FC Nantes,64.2,67.4,68.6,53.0,14.816666666666668,73.0
74.0,78.0,31000.0,23.0,176.0,74.0,1.0,76.0,70.0,65.0,77.0,61.0,1.0,German 1. Bundesliga,Hertha BSC,65.6,61.4,68.6,54.0,15.4,77.4
74.0,82.0,53000.0,21.0,182.0,74.0,1.0,71.0,69.0,70.0,73.0,66.0,1.0,English Premier League,Crystal Palace,60.4,67.0,69.0,67.16666666666667,15.633333333333333,69.8
74.0,75.0,37000.0,28.0,194.0,79.0,1.0,68.0,37.0,57.0,60.0,79.0,0.0,English Premier League,Brentford,50.0,51.8,63.6,59.833333333333336,14.25,64.8
74.0,79.0,41000.0,23.0,175.0,66.0,1.0,88.0,72.0,60.0,76.0,68.0,1.0,English Premier League,Watford,68.8,62.2,74.8,54.5,16.7,84.2
74.0,81.0,25000.0,21.0,185.0,85.0,1.0,76.0,50.0,65.0,68.0,77.0,0.0,German 1. Bundesliga,Bayer 04 Leverkusen,58.0,62.2,70.2,62.166666666666664,15.4,69.2
74.0,79.0,24000.0,22.0,179.0,82.0,1.0,82.0,74.0,58.0,75.0,68.0,1.0,French Ligue 1,Racing Club de Lens,65.8,60.8,72.2,58.666666666666664,15.233333333333334,77.6
74.0,82.0,24000.0,22.0,187.0,76.0,1.0,71.0,36.0,57.0,64.0,75.0,0.0,French Ligue 1,Olympique de Marseille,50.4,53.6,61.4,55.5,16.900000000000002,66.4
74.0,82.0,32000.0,21.0,171.0,75.0,1.0,83.0,73.0,69.0,74.0,63.0,1.0,English Premier League,Brentford,68.4,68.8,68.2,59.666666666666664,17.833333333333332,80.2
74.0,82.0,9000.0,18.0,181.0,72.0,1.0,70.0,64.0,74.0,75.0,59.0,1.0,French Ligue 1,AS Saint-Étienne,62.0,72.6,65.0,62.166666666666664,14.816666666666668,69.8
74.0,82.0,17000.0,22.0,188.0,82.0,2.0,74.0,74.0,53.0,70.0,75.0,1.0,French Ligue 1,FC Lorient,66.2,56.0,75.0,53.833333333333336,17.333333333333332,66.4
74.0,82.0,24000.0,21.0,191.0,89.0,1.0,60.0,29.0,54.0,62.0,77.0,0.0,French Ligue 1,Stade Rennais FC,44.4,49.2,58.8,56.833333333333336,14.066666666666668,56.4
73.0,73.0,15000.0,34.0,175.0,71.0,2.0,37.0,58.0,69.0,68.0,75.0,1.0,French Ligue 1,FC Lorient,61.6,65.4,73.0,67.5,16.849999999999998,57.4
73.0,73.0,45000.0,30.0,185.0,73.0,2.0,71.0,72.0,67.0,72.0,66.0,1.0,English Premier League,Brighton & Hove Albion,70.6,66.2,67.6,65.66666666666667,16.416666666666668,68.8
73.0,74.0,24000.0,29.0,185.0,75.0,2.0,67.0,37.0,68.0,60.0,77.0,0.0,French Ligue 1,AS Saint-Étienne,54.6,56.8,65.0,64.16666666666667,16.066666666666666,64.0
73.0,73.0,19000.0,30.0,175.0,67.0,2.0,72.0,62.0,71.0,71.0,62.0,0.0,French Ligue 1,FC Nantes,59.4,74.0,66.4,66.0,14.633333333333333,71.8
73.0,73.0,22000.0,33.0,194.0,93.0,1.0,63.0,73.0,61.0,61.0,81.0,1.0,German 1. Bundesliga,DSC Arminia Bielefeld,68.2,57.4,74.4,68.5,14.549999999999999,56.8
73.0,73.0,15000.0,31.0,177.0,69.0,1.0,71.0,61.0,66.0,71.0,69.0,0.0,French Ligue 1,FC Lorient,59.2,61.2,68.8,62.166666666666664,15.683333333333332,72.8
73.0,73.0,28000.0,30.0,178.0,73.0,1.0,63.0,66.0,74.0,74.0,64.0,1.0,English Premier League,Norwich City,64.2,70.6,67.6,67.16666666666667,14.0,70.4
73.0,73.0,22000.0,28.0,179.0,76.0,1.0,77.0,51.0,62.0,70.0,78.0,0.0,French Ligue 1,Racing Club de Lens,55.2,61.4,72.8,62.5,17.216666666666665,73.2
73.0,73.0,22000.0,31.0,181.0,75.0,2.0,68.0,74.0,70.0,73.0,66.0,1.0,French Ligue 1,Montpellier Hérault SC,72.6,69.2,73.6,66.0,16.216666666666665,73.8
73.0,73.0,18000.0,27.0,177.0,87.0,2.0,72.0,65.0,73.0,73.0,72.0,0.0,German 1. Bundesliga,SpVgg Greuther Fürth,65.4,72.2,72.6,65.5,17.3,70.6
73.0,77.0,12000.0,27.0,188.0,82.0,1.0,57.1,40.6,53.5,58.6,75.0,0.0,French Ligue 1,FC Lorient,16.4,16.4,39.2,26.833333333333332,68.33333333333333,50.6
73.0,74.0,15000.0,26.0,177.0,69.0,1.0,72.0,57.0,69.0,67.0,75.0,0.0,French Ligue 1,Stade Brestois 29,60.0,68.0,74.2,63.166666666666664,14.85,71.4
73.0,73.0,15000.0,33.0,179.0,69.0,1.0,56.0,63.0,65.0,71.0,78.0,0.0,French Ligue 1,Clermont Foot 63,57.4,64.0,71.6,67.66666666666667,16.183333333333334,67.0
73.0,73.0,22000.0,28.0,185.0,76.0,1.0,73.0,73.0,65.0,74.0,65.0,1.0,German 1. Bundesliga,SpVgg Greuther Fürth,68.4,66.2,71.6,55.666666666666664,15.049999999999999,71.2
73.0,73.0,15000.0,29.0,184.0,70.0,1.0,56.0,62.0,71.0,68.0,76.0,1.0,French Ligue 1,ESTAC Troyes,62.2,68.0,73.4,67.0,18.183333333333334,64.0
73.0,75.0,33000.0,27.0,187.0,77.0,1.0,62.0,57.0,68.0,69.0,74.0,1.0,English Premier League,Brentford,62.4,67.8,67.6,67.33333333333333,16.933333333333334,65.4
73.0,75.0,18000.0,27.0,185.0,78.0,1.0,60.0,32.0,54.0,55.0,74.0,0.0,German 1. Bundesliga,DSC Arminia Bielefeld,46.8,45.0,59.6,53.333333333333336,17.466666666666665,64.0
73.0,75.0,20000.0,26.0,180.0,75.0,1.0,71.0,42.0,66.0,69.0,68.0,0.0,German 1. Bundesliga,Eintracht Frankfurt,53.4,65.0,61.4,58.0,16.05,70.4
73.0,74.0,25000.0,26.0,181.0,78.0,2.0,72.0,71.0,73.0,74.0,73.0,0.0,French Ligue 1,FC Nantes,68.4,73.2,74.2,74.16666666666667,16.733333333333334,73.4
73.0,75.0,36000.0,27.0,191.0,82.0,1.0,61.0,32.0,45.0,44.0,77.0,0.0,English Premier League,Watford,43.4,38.0,61.0,55.166666666666664,15.233333333333334,55.0
73.0,73.0,43000.0,27.0,180.0,69.0,1.0,78.0,66.0,71.0,74.0,68.0,1.0,English Premier League,Watford,61.6,70.6,67.2,62.666666666666664,16.033333333333335,74.8
73.0,75.0,19000.0,26.0,185.0,76.0,1.0,73.0,30.0,52.0,62.0,76.0,0.0,French Ligue 1,FC Nantes,47.0,50.6,63.2,57.833333333333336,17.466666666666665,66.0
73.0,75.0,12000.0,28.0,186.0,79.0,1.0,57.1,40.6,53.5,58.6,75.0,0.0,French Ligue 1,ESTAC Troyes,16.8,19.2,44.2,32.333333333333336,67.16666666666667,47.4
73.0,76.0,15000.0,26.0,181.0,74.0,1.0,55.0,40.0,52.0,57.0,74.0,0.0,French Ligue 1,Stade Brestois 29,52.4,49.8,61.4,60.333333333333336,17.349999999999998,61.2
73.0,73.0,17000.0,29.0,180.0,75.0,1.0,83.0,66.0,65.0,72.0,63.0,1.0,French Ligue 1,Clermont Foot 63,63.6,61.2,68.0,51.666666666666664,17.666666666666668,75.2
73.0,75.0,20000.0,26.0,186.0,79.0,1.0,66.0,59.0,69.0,71.0,75.0,1.0,German 1. Bundesliga,SpVgg Greuther Fürth,61.8,62.8,71.6,64.33333333333333,16.05,67.8
73.0,76.0,15000.0,26.0,173.0,72.0,1.0,83.0,55.0,56.0,74.0,62.0,0.0,French Ligue 1,Clermont Foot 63,57.8,58.0,56.0,56.666666666666664,16.400000000000002,78.8
73.0,77.0,16000.0,24.0,178.0,66.0,1.0,64.0,52.0,70.0,72.0,69.0,0.0,French Ligue 1,FC Nantes,56.8,65.2,63.6,64.83333333333333,18.016666666666666,68.4
73.0,80.0,23000.0,22.0,183.0,77.0,1.0,85.0,69.0,69.0,72.0,67.0,1.0,German 1. Bundesliga,TSG Hoffenheim,66.2,71.2,68.4,62.666666666666664,15.866666666666667,77.0
73.0,73.0,22000.0,29.0,188.0,86.0,2.0,76.0,69.0,66.0,74.0,79.0,1.0,German 1. Bundesliga,1. FSV Mainz 05,68.2,67.2,70.6,64.16666666666667,16.716666666666665,71.6
73.0,78.0,16000.0,23.0,177.0,80.0,1.0,76.0,48.0,60.0,69.0,72.0,0.0,French Ligue 1,Stade Brestois 29,56.2,56.8,69.0,61.333333333333336,15.683333333333332,72.4
73.0,73.0,20000.0,26.0,173.0,71.0,1.0,90.0,69.0,62.0,75.0,61.0,1.0,German 1. Bundesliga,VfL Bochum 1848,65.8,58.4,67.8,57.833333333333336,15.549999999999999,85.2
73.0,80.0,16000.0,23.0,187.0,82.0,1.0,55.0,37.0,54.0,57.0,75.0,0.0,French Ligue 1,Stade de Reims,46.0,52.8,61.2,56.333333333333336,15.183333333333332,56.2
73.0,80.0,28000.0,23.0,184.0,79.0,1.0,66.0,62.0,66.0,68.0,75.0,1.0,English Premier League,Brentford,60.0,61.2,72.4,66.83333333333333,13.833333333333334,67.0
73.0,81.0,17000.0,23.0,172.0,70.0,1.0,79.0,60.0,69.0,75.0,69.0,1.0,French Ligue 1,RC Strasbourg Alsace,60.2,63.2,66.4,65.83333333333333,17.849999999999998,79.4
73.0,78.0,15000.0,24.0,175.0,64.0,1.0,86.0,43.0,62.0,70.0,69.0,1.0,French Ligue 1,Angers SCO,54.0,58.0,63.6,57.166666666666664,17.8,78.0
73.0,80.0,20000.0,23.0,180.0,75.0,1.0,86.0,59.0,66.0,74.0,70.0,0.0,German 1. Bundesliga,TSG Hoffenheim,62.2,62.0,68.2,61.5,15.549999999999999,79.0
73.0,79.0,18000.0,22.0,190.0,87.0,1.0,78.0,32.0,45.0,56.0,76.0,0.0,French Ligue 1,Racing Club de Lens,45.8,44.8,59.2,53.166666666666664,17.466666666666665,66.0
73.0,81.0,15000.0,22.0,187.0,73.0,1.0,82.0,74.0,54.0,71.0,62.0,1.0,French Ligue 1,FC Metz,63.8,59.4,71.4,52.5,15.4,71.8
73.0,76.0,19000.0,25.0,177.0,62.0,1.0,76.0,65.0,68.0,78.0,42.0,1.0,German 1. Bundesliga,DSC Arminia Bielefeld,68.0,68.4,53.0,57.5,15.966666666666667,77.8
73.0,83.0,26000.0,20.0,177.0,77.0,1.0,77.0,67.0,69.0,80.0,61.0,1.0,German 1. Bundesliga,Bayer 04 Leverkusen,62.4,71.6,65.8,58.833333333333336,17.566666666666666,76.2
73.0,84.0,26000.0,20.0,185.0,75.0,1.0,71.0,31.0,49.0,64.0,72.0,0.0,English Premier League,Crystal Palace,45.2,48.6,58.4,52.166666666666664,15.766666666666666,68.2
73.0,80.0,15000.0,23.0,188.0,76.0,1.0,72.0,75.0,60.0,73.0,60.0,1.0,French Ligue 1,Clermont Foot 63,66.2,63.2,66.8,57.833333333333336,17.400000000000002,68.4
73.0,82.0,42000.0,23.0,194.0,89.0,1.0,77.0,33.0,49.0,49.0,78.0,0.0,German 1. Bundesliga,VfB Stuttgart,47.0,43.4,57.2,53.166666666666664,16.033333333333335,61.6
73.0,80.0,14000.0,22.0,171.0,59.0,1.0,77.0,72.0,70.0,76.0,45.0,1.0,French Ligue 1,FC Lorient,65.4,75.6,62.2,55.833333333333336,17.95,76.0
73.0,79.0,12000.0,24.0,192.0,78.0,1.0,62.0,37.0,50.0,58.0,77.0,0.0,French Ligue 1,FC Metz,48.4,48.6,70.0,49.666666666666664,14.483333333333334,58.2
73.0,83.0,14000.0,21.0,191.0,86.0,1.0,69.0,29.0,47.0,53.0,75.0,0.0,German 1. Bundesliga,Sport-Club Freiburg,41.8,46.0,58.8,51.166666666666664,16.283333333333335,63.0
73.0,83.0,23000.0,20.0,171.0,63.0,1.0,91.0,50.0,65.0,77.0,68.0,0.0,German 1. Bundesliga,Bayer 04 Leverkusen,55.4,63.6,61.8,59.5,16.216666666666665,86.0
73.0,79.0,19000.0,22.0,176.0,74.0,1.0,86.0,50.0,62.0,72.0,69.0,0.0,French Ligue 1,AS Saint-Étienne,54.6,60.4,64.0,62.166666666666664,14.799999999999999,77.4
73.0,79.0,25000.0,25.0,195.0,93.0,1.0,69.7,61.7,66.8,70.8,76.8,0.0,French Ligue 1,LOSC Lille,15.0,19.8,36.4,21.833333333333332,64.33333333333333,34.2
72.0,72.0,9000.0,37.0,172.0,71.0,2.0,50.0,44.0,60.0,57.0,71.0,0.0,French Ligue 1,FC Lorient,54.4,56.0,63.6,64.66666666666667,15.983333333333334,59.4
72.0,72.0,32000.0,32.0,190.0,83.0,1.0,35.0,37.0,55.0,53.0,71.0,0.0,English Premier League,Watford,48.2,49.4,59.6,55.0,15.333333333333334,48.2
72.0,72.0,21000.0,33.0,187.0,84.0,2.0,62.0,72.0,63.0,69.0,77.0,1.0,German 1. Bundesliga,1. FC Köln,70.8,63.2,74.4,62.833333333333336,14.316666666666668,65.2
72.0,72.0,16000.0,34.0,182.0,78.0,1.0,58.0,67.0,68.0,68.0,71.0,0.0,German 1. Bundesliga,VfL Bochum 1848,68.0,67.2,73.4,67.83333333333333,17.183333333333334,65.0
72.0,72.0,13000.0,31.0,187.0,78.0,1.0,61.4,44.5,55.6,61.5,72.6,0.0,German 1. Bundesliga,SpVgg Greuther Fürth,14.4,15.8,45.2,22.5,67.0,45.6
72.0,72.0,17000.0,30.0,172.0,74.0,2.0,75.0,54.0,69.0,73.0,67.0,0.0,French Ligue 1,FC Nantes,60.8,65.4,66.0,69.83333333333333,16.849999999999998,76.2
72.0,72.0,19000.0,27.0,187.0,82.0,1.0,79.0,70.0,67.0,71.0,75.0,1.0,German 1. Bundesliga,SpVgg Greuther Fürth,69.4,60.8,73.4,63.166666666666664,18.966666666666665,71.6
72.0,72.0,35000.0,29.0,193.0,76.0,1.0,41.0,47.0,49.0,48.0,79.0,0.0,English Premier League,Brighton & Hove Albion,49.4,46.0,69.0,59.333333333333336,16.599999999999998,42.4
72.0,72.0,16000.0,31.0,175.0,75.0,1.0,84.0,48.0,66.0,71.0,71.0,0.0,German 1. Bundesliga,VfL Bochum 1848,55.8,64.8,69.6,65.5,17.183333333333334,81.2
72.0,72.0,12000.0,35.0,185.0,80.0,1.0,53.0,57.0,64.0,70.0,76.0,1.0,German 1. Bundesliga,VfL Bochum 1848,63.4,62.2,72.4,61.5,15.65,62.8
72.0,72.0,18000.0,31.0,181.0,79.0,2.0,64.0,47.0,65.0,66.0,72.0,0.0,German 1. Bundesliga,Sport-Club Freiburg,54.0,60.8,67.4,63.0,16.466666666666665,66.0
72.0,73.0,23000.0,28.0,185.0,78.0,1.0,53.0,29.0,49.0,52.0,68.0,0.0,English Premier League,Norwich City,43.2,43.8,53.4,50.5,17.716666666666665,59.2
72.0,72.0,15000.0,34.0,179.0,75.0,1.0,71.0,73.0,61.0,72.0,69.0,1.0,French Ligue 1,ESTAC Troyes,67.6,61.0,72.8,59.0,18.133333333333333,72.6
72.0,73.0,27000.0,26.0,179.0,74.0,1.0,78.0,67.0,68.0,74.0,63.0,0.0,English Premier League,Newcastle United,59.8,69.6,65.8,64.5,16.900000000000002,74.6
72.0,72.0,18000.0,31.0,187.0,86.0,1.0,59.0,48.0,59.0,62.0,75.0,0.0,German 1. Bundesliga,1. FC Köln,52.8,60.0,67.4,56.333333333333336,16.133333333333333,59.4
72.0,73.0,20000.0,25.0,184.0,79.0,1.0,81.0,68.0,67.0,74.0,68.0,1.0,German 1. Bundesliga,1. FC Union Berlin,63.4,72.2,70.2,62.833333333333336,17.55,75.0
72.0,72.0,16000.0,27.0,180.0,75.0,1.0,74.0,56.0,62.0,65.0,69.0,0.0,German 1. Bundesliga,DSC Arminia Bielefeld,55.8,55.8,70.2,58.666666666666664,16.183333333333334,70.2
72.0,74.0,13000.0,27.0,195.0,81.0,1.0,41.0,33.0,52.0,56.0,72.0,0.0,French Ligue 1,Clermont Foot 63,48.6,49.8,52.0,52.5,16.650000000000002,46.8
72.0,72.0,16000.0,30.0,189.0,85.0,1.0,64.0,47.0,60.0,56.0,83.0,0.0,German 1. Bundesliga,SpVgg Greuther Fürth,53.6,51.6,67.4,61.166666666666664,17.016666666666666,60.0
72.0,77.0,15000.0,24.0,182.0,78.0,1.0,68.0,30.0,53.0,64.0,73.0,0.0,German 1. Bundesliga,1. FC Köln,45.2,51.8,59.6,55.166666666666664,16.8,68.2
72.0,76.0,11000.0,25.0,190.0,89.0,1.0,63.0,34.0,55.0,50.0,75.0,0.0,German 1. Bundesliga,1. FC Union Berlin,45.4,45.4,61.4,54.0,18.650000000000002,54.6
72.0,76.0,30000.0,24.0,175.0,66.0,1.0,71.0,69.0,67.0,74.0,68.0,0.0,English Premier League,Brentford,63.8,64.4,67.0,64.16666666666667,17.566666666666666,74.8
72.0,72.0,18000.0,26.0,173.0,68.0,1.0,81.0,67.0,67.0,74.0,63.0,1.0,French Ligue 1,Stade de Reims,62.2,68.0,69.4,55.0,15.299999999999999,78.6
72.0,74.0,13000.0,27.0,185.0,82.0,1.0,51.0,27.0,44.0,51.0,80.0,0.0,French Ligue 1,FC Lorient,42.4,42.2,64.0,48.333333333333336,17.816666666666666,53.2
72.0,73.0,18000.0,26.0,185.0,77.0,1.0,94.0,64.0,63.0,70.0,59.0,1.0,German 1. Bundesliga,VfL Bochum 1848,58.0,60.2,63.8,56.166666666666664,15.633333333333333,79.4
72.0,78.0,27000.0,24.0,190.0,83.0,1.0,53.0,30.0,50.0,53.0,76.0,0.0,English Premier League,Watford,48.6,41.0,56.2,50.0,15.733333333333334,52.4
72.0,72.0,14000.0,31.0,177.0,74.0,1.0,69.0,69.0,75.0,74.0,65.0,1.0,French Ligue 1,Clermont Foot 63,71.0,74.0,72.2,68.33333333333333,17.45,71.4
72.0,74.0,10000.0,27.0,196.0,87.0,1.0,63.8,45.2,55.9,61.4,68.2,0.0,French Ligue 1,Clermont Foot 63,17.0,16.0,37.2,22.166666666666668,64.83333333333333,36.6
72.0,78.0,15000.0,23.0,193.0,90.0,1.0,50.0,55.0,65.0,66.0,84.0,0.0,French Ligue 1,RC Strasbourg Alsace,55.4,61.8,74.2,67.33333333333333,16.349999999999998,50.0
72.0,76.0,20000.0,25.0,176.0,70.0,1.0,77.0,65.0,68.0,75.0,81.0,0.0,English Premier League,Watford,65.2,69.6,78.2,69.5,17.383333333333333,77.8
72.0,72.0,13000.0,30.0,180.0,72.0,1.0,70.0,46.0,65.0,68.0,74.0,0.0,French Ligue 1,ESTAC Troyes,54.8,61.2,66.8,61.5,15.65,68.2
72.0,75.0,23000.0,26.0,190.0,79.0,1.0,71.0,34.0,59.0,64.0,70.0,0.0,French Ligue 1,Olympique de Marseille,54.4,56.2,58.0,50.5,14.049999999999999,67.2
72.0,78.0,14000.0,23.0,188.0,75.0,1.0,87.0,37.0,55.0,63.0,71.0,0.0,German 1. Bundesliga,VfL Bochum 1848,49.8,53.4,59.4,54.833333333333336,17.283333333333335,72.4
72.0,78.0,16000.0,25.0,188.0,83.0,1.0,63.0,48.0,65.0,65.0,75.0,1.0,French Ligue 1,Stade de Reims,54.0,59.0,66.6,59.833333333333336,16.016666666666666,59.8
72.0,73.0,13000.0,28.0,188.0,85.0,1.0,43.0,28.0,45.0,53.0,80.0,0.0,French Ligue 1,ESTAC Troyes,41.0,43.6,62.6,49.666666666666664,15.65,48.2
72.0,73.0,19000.0,26.0,188.0,82.0,1.0,69.0,65.0,70.0,71.0,77.0,1.0,German 1. Bundesliga,VfB Stuttgart,59.4,67.4,71.6,66.5,12.633333333333333,68.0
72.0,80.0,14000.0,22.0,178.0,72.0,1.0,77.0,37.0,61.0,66.0,71.0,0.0,French Ligue 1,Montpellier Hérault SC,50.6,58.2,59.6,60.0,15.950000000000001,71.6
72.0,77.0,42000.0,23.0,185.0,80.0,1.0,62.0,42.0,48.0,55.0,75.0,0.0,French Ligue 1,Stade de Reims,50.6,46.4,64.8,51.5,17.033333333333335,59.2
72.0,76.0,32000.0,23.0,182.0,73.0,1.0,59.0,63.0,70.0,73.0,68.0,1.0,German 1. Bundesliga,VfL Bochum 1848,62.2,62.4,67.8,65.5,16.166666666666668,66.2
72.0,80.0,13000.0,21.0,174.0,67.0,1.0,67.0,56.0,66.0,77.0,61.0,1.0,German 1. Bundesliga,1. FSV Mainz 05,57.8,65.6,65.2,63.0,13.983333333333334,76.6
72.0,86.0,43000.0,20.0,170.0,66.0,1.0,67.0,54.0,70.0,73.0,55.0,0.0,English Premier League,Norwich City,59.8,66.4,54.8,65.33333333333333,15.866666666666667,72.6
72.0,73.0,14000.0,26.0,172.0,70.0,1.0,86.0,69.0,63.0,74.0,51.0,1.0,French Ligue 1,Clermont Foot 63,62.6,64.0,60.4,54.833333333333336,17.95,77.6
72.0,75.0,15000.0,25.0,179.0,74.0,1.0,70.0,40.0,61.0,70.0,71.0,0.0,German 1. Bundesliga,SpVgg Greuther Fürth,53.4,53.8,59.2,54.666666666666664,13.799999999999999,72.0
72.0,82.0,14000.0,20.0,173.0,65.0,1.0,78.0,48.0,63.0,73.0,70.0,0.0,French Ligue 1,OGC Nice,54.6,59.4,63.4,61.666666666666664,15.783333333333333,76.2
72.0,83.0,16000.0,19.0,170.0,63.0,1.0,83.0,64.0,68.0,73.0,49.0,1.0,French Ligue 1,Olympique de Marseille,61.0,62.8,55.8,50.0,18.016666666666666,77.4
72.0,81.0,11000.0,20.0,190.0,78.0,1.0,68.0,47.9,57.8,64.5,67.9,0.0,French Ligue 1,AS Saint-Étienne,12.8,14.8,41.2,18.833333333333332,63.833333333333336,36.8
71.0,71.0,11000.0,32.0,183.0,73.0,1.0,41.0,31.0,39.0,52.0,78.0,0.0,French Ligue 1,Clermont Foot 63,37.6,44.2,67.4,51.166666666666664,14.483333333333334,53.2
71.0,72.0,15000.0,26.0,173.0,70.0,1.0,74.0,68.0,66.0,76.0,60.0,1.0,German 1. Bundesliga,SpVgg Greuther Fürth,66.6,67.6,67.2,53.5,16.633333333333333,77.2
71.0,73.0,28000.0,26.0,194.0,84.0,1.0,76.0,70.0,53.0,67.0,75.0,1.0,German 1. Bundesliga,Hertha BSC,65.2,54.4,70.8,62.0,16.333333333333332,69.8
71.0,71.0,15000.0,27.0,164.0,64.0,1.0,91.0,66.0,60.0,75.0,53.0,1.0,French Ligue 1,Angers SCO,58.6,61.2,64.6,50.166666666666664,18.133333333333333,85.6
71.0,72.0,15000.0,27.0,178.0,74.0,1.0,70.0,66.0,69.0,71.0,71.0,1.0,German 1. Bundesliga,DSC Arminia Bielefeld,62.6,67.8,71.0,66.5,16.516666666666666,72.4
71.0,71.0,11000.0,27.0,167.0,67.0,1.0,85.0,59.0,63.0,69.0,61.0,0.0,French Ligue 1,Clermont Foot 63,56.6,59.8,69.0,62.166666666666664,13.983333333333334,82.8
71.0,77.0,29000.0,24.0,189.0,81.0,1.0,68.0,72.0,60.0,66.0,74.0,1.0,German 1. Bundesliga,SpVgg Greuther Fürth,69.8,54.2,73.8,58.166666666666664,14.25,65.0
71.0,79.0,12000.0,23.0,182.0,71.0,1.0,81.0,37.0,60.0,69.0,66.0,0.0,German 1. Bundesliga,FC Augsburg,51.2,54.4,60.0,54.5,15.15,75.8
71.0,72.0,18000.0,26.0,184.0,83.0,1.0,70.0,72.0,50.0,59.0,78.0,1.0,German 1. Bundesliga,Sport-Club Freiburg,63.8,48.4,76.8,58.166666666666664,15.799999999999999,68.6
71.0,76.0,14000.0,23.0,183.0,78.0,1.0,69.0,68.0,67.0,73.0,70.0,1.0,German 1. Bundesliga,FC Augsburg,66.8,62.8,70.0,60.666666666666664,13.283333333333333,68.2
71.0,77.0,11000.0,23.0,173.0,69.0,1.0,69.0,67.0,68.0,74.0,61.0,1.0,French Ligue 1,FC Metz,63.2,69.8,65.2,63.666666666666664,15.15,72.2
71.0,79.0,20000.0,21.0,180.0,70.0,1.0,74.0,37.0,56.0,66.0,65.0,0.0,English Premier League,Crystal Palace,50.2,54.2,52.6,57.833333333333336,16.55,74.2
71.0,81.0,13000.0,20.0,181.0,76.0,1.0,79.0,68.0,61.0,75.0,69.0,1.0,German 1. Bundesliga,1. FSV Mainz 05,63.8,60.2,69.2,58.0,15.816666666666668,74.0
71.0,81.0,9000.0,21.0,170.0,58.0,1.0,63.0,53.0,73.0,75.0,46.0,1.0,French Ligue 1,FC Lorient,57.4,72.6,54.6,64.0,16.483333333333334,69.8
71.0,78.0,13000.0,22.0,178.0,64.0,1.0,75.0,56.0,64.0,71.0,65.0,0.0,French Ligue 1,FC Girondins de Bordeaux,62.0,63.6,63.8,61.666666666666664,15.15,73.4
71.0,85.0,8000.0,19.0,190.0,87.0,1.0,76.0,25.0,50.0,47.0,74.0,0.0,German 1. Bundesliga,VfL Bochum 1848,41.6,40.2,56.0,50.333333333333336,15.816666666666668,65.2
71.0,83.0,9000.0,19.0,170.0,65.0,1.0,78.0,64.0,67.0,76.0,49.0,1.0,French Ligue 1,Stade de Reims,63.2,67.2,54.6,54.5,15.483333333333334,77.6
71.0,82.0,10000.0,19.0,178.0,72.0,1.0,76.0,69.0,65.0,70.0,64.0,1.0,German 1. Bundesliga,1. FC Köln,64.2,63.6,68.6,59.833333333333336,17.150000000000002,74.2
70.0,70.0,10000.0,29.0,184.0,66.0,1.0,53.0,36.0,58.0,58.0,72.0,0.0,French Ligue 1,ESTAC Troyes,51.0,53.4,61.4,53.666666666666664,14.15,54.0
70.0,73.0,20000.0,26.0,191.0,81.0,1.0,66.0,50.9,62.8,66.4,72.9,0.0,English Premier League,Watford,19.2,23.6,46.8,31.333333333333332,64.16666666666667,49.0
70.0,75.0,13000.0,26.0,191.0,83.0,1.0,75.0,44.0,46.0,45.0,82.0,0.0,French Ligue 1,FC Girondins de Bordeaux,46.6,45.0,68.6,57.166666666666664,14.983333333333334,58.4
70.0,74.0,9000.0,25.0,178.0,68.0,1.0,69.0,42.0,62.0,69.0,69.0,0.0,French Ligue 1,FC Metz,56.4,59.2,56.0,60.333333333333336,16.816666666666666,70.0
70.0,78.0,11000.0,21.0,179.0,69.0,1.0,82.0,57.0,60.0,75.0,57.0,1.0,German 1. Bundesliga,Sport-Club Freiburg,59.6,56.4,54.4,53.0,13.983333333333334,79.4
70.0,77.0,9000.0,24.0,177.0,68.0,1.0,67.0,52.0,67.0,71.0,73.0,1.0,French Ligue 1,ESTAC Troyes,56.2,61.6,67.8,65.5,14.15,70.0
70.0,78.0,11000.0,23.0,165.0,63.0,1.0,72.0,57.0,68.0,75.0,62.0,1.0,French Ligue 1,Stade de Reims,59.0,67.8,64.2,66.83333333333333,15.483333333333334,78.4
70.0,78.0,29000.0,24.0,195.0,80.0,1.0,58.0,42.0,59.0,62.0,74.0,0.0,English Premier League,Wolverhampton Wanderers,52.6,55.2,61.4,58.333333333333336,15.416666666666666,57.2
70.0,76.0,11000.0,23.0,191.0,76.0,1.0,66.0,38.0,55.0,58.0,74.0,1.0,German 1. Bundesliga,DSC Arminia Bielefeld,50.2,48.6,57.2,57.166666666666664,15.316666666666668,59.6
70.0,80.0,8000.0,19.0,179.0,70.0,1.0,69.0,54.0,71.0,73.0,64.0,0.0,French Ligue 1,Montpellier Hérault SC,58.0,67.8,62.4,66.66666666666667,15.15,71.0
70.0,79.0,27000.0,22.0,177.0,73.0,1.0,86.0,68.0,59.0,76.0,54.0,1.0,German 1. Bundesliga,VfB Stuttgart,61.6,61.8,63.6,58.333333333333336,16.900000000000002,81.6
70.0,77.0,11000.0,22.0,170.0,68.0,1.0,87.0,63.0,62.0,76.0,62.0,1.0,French Ligue 1,FC Nantes,58.8,61.2,66.8,57.5,14.983333333333334,81.2
70.0,82.0,14000.0,18.0,184.0,70.0,1.0,67.0,63.0,68.0,71.0,58.0,1.0,French Ligue 1,FC Metz,62.0,63.8,61.2,63.666666666666664,16.116666666666667,65.6
69.0,69.0,12000.0,30.0,192.0,92.0,1.0,70.0,68.0,53.0,61.0,85.0,1.0,German 1. Bundesliga,VfL Bochum 1848,63.4,51.8,75.0,61.5,15.983333333333334,62.0
69.0,69.0,13000.0,29.0,182.0,75.0,1.0,66.0,52.0,64.0,65.0,74.0,0.0,German 1. Bundesliga,1. FC Union Berlin,58.2,64.8,71.0,62.0,16.150000000000002,66.6
69.0,72.0,12000.0,26.0,182.0,75.0,1.0,60.0,50.0,63.0,64.0,70.0,0.0,German 1. Bundesliga,1. FC Köln,54.6,61.0,68.4,59.5,17.483333333333334,64.2
69.0,69.0,8000.0,32.0,171.0,69.0,1.0,56.0,59.0,68.0,65.0,62.0,0.0,French Ligue 1,Clermont Foot 63,59.2,61.2,58.4,63.666666666666664,15.316666666666668,63.4
69.0,74.0,13000.0,22.0,187.0,71.0,1.0,47.0,35.0,49.0,54.0,69.0,0.0,French Ligue 1,RC Strasbourg Alsace,45.0,44.2,60.0,50.0,16.483333333333334,51.6
69.0,77.0,8000.0,21.0,189.0,84.0,1.0,47.0,26.0,47.0,49.0,71.0,0.0,German 1. Bundesliga,SpVgg Greuther Fürth,42.8,41.4,55.8,46.666666666666664,16.816666666666666,54.2
69.0,80.0,10000.0,20.0,179.0,71.0,1.0,74.0,58.0,64.0,76.0,47.0,1.0,German 1. Bundesliga,VfB Stuttgart,55.6,64.8,51.6,56.333333333333336,16.316666666666666,76.0
69.0,76.0,6000.0,21.0,184.0,78.0,1.0,68.0,36.0,56.0,64.0,73.0,0.0,French Ligue 1,Stade Brestois 29,49.0,52.4,58.2,57.666666666666664,13.15,64.2
69.0,80.0,8000.0,19.0,185.0,72.0,1.0,73.0,70.0,54.0,68.0,66.0,1.0,French Ligue 1,Stade de Reims,60.8,55.4,67.6,54.166666666666664,16.316666666666666,68.6
69.0,81.0,4000.0,18.0,185.0,78.0,1.0,63.0,41.0,54.0,60.0,66.0,0.0,French Ligue 1,AS Saint-Étienne,48.6,52.0,57.2,55.833333333333336,13.816666666666668,59.0
69.0,76.0,9000.0,22.0,186.0,86.0,1.0,65.0,33.0,43.0,51.0,75.0,0.0,French Ligue 1,Montpellier Hérault SC,43.4,41.4,61.2,50.5,15.316666666666668,58.2
68.0,69.0,9000.0,26.0,181.0,76.0,1.0,68.0,52.0,60.0,67.0,69.0,0.0,German 1. Bundesliga,DSC Arminia Bielefeld,51.0,56.2,64.2,55.833333333333336,17.650000000000002,68.4
68.0,73.0,6000.0,23.0,184.0,73.0,1.0,76.0,42.0,60.0,62.0,70.0,0.0,French Ligue 1,FC Lorient,56.2,55.0,61.4,53.166666666666664,14.65,65.4
68.0,77.0,5000.0,23.0,179.0,66.0,1.0,68.0,36.0,53.0,65.0,69.0,0.0,French Ligue 1,FC Girondins de Bordeaux,50.6,53.8,57.8,57.0,15.483333333333334,67.0
68.0,73.0,6000.0,24.0,173.0,66.0,1.0,79.0,51.0,61.0,71.0,63.0,0.0,French Ligue 1,FC Lorient,55.8,64.0,64.0,57.666666666666664,15.65,76.2
68.0,78.0,5000.0,21.0,187.0,79.0,1.0,72.0,47.0,59.0,66.0,74.0,0.0,French Ligue 1,ESTAC Troyes,50.8,59.0,69.6,57.833333333333336,15.483333333333334,63.0
68.0,83.0,16000.0,20.0,180.0,72.0,1.0,67.0,58.0,62.0,71.0,60.0,1.0,English Premier League,Aston Villa,51.4,60.2,61.2,54.833333333333336,16.016666666666666,67.0
68.0,82.0,24000.0,20.0,180.0,70.0,1.0,91.0,27.0,58.0,64.0,70.0,0.0,French Ligue 1,ESTAC Troyes,45.8,49.6,58.2,49.0,16.233333333333334,80.2
68.0,76.0,8000.0,23.0,178.0,74.0,1.0,76.0,70.0,64.0,70.0,55.0,1.0,French Ligue 1,FC Metz,64.8,67.6,62.8,52.666666666666664,15.15,70.4
68.0,81.0,7000.0,18.0,182.0,76.0,1.0,85.0,46.0,61.0,69.0,61.0,0.0,French Ligue 1,FC Girondins de Bordeaux,52.2,59.0,56.8,58.166666666666664,15.816666666666668,72.8
67.0,78.0,8000.0,22.0,188.0,85.0,1.0,83.0,66.0,52.0,62.0,71.0,1.0,German 1. Bundesliga,DSC Arminia Bielefeld,55.0,53.8,69.8,48.166666666666664,15.816666666666668,63.8
67.0,72.0,6000.0,23.0,180.0,72.0,1.0,81.0,47.0,60.0,61.0,68.0,0.0,French Ligue 1,RC Strasbourg Alsace,52.8,54.8,58.2,55.833333333333336,14.15,72.6
67.0,78.0,7000.0,20.0,181.0,77.0,1.0,87.0,59.0,56.0,70.0,59.0,1.0,German 1. Bundesliga,VfB Stuttgart,55.4,52.6,61.4,53.666666666666664,15.15,77.0
66.0,72.0,5000.0,23.0,177.0,70.0,1.0,64.0,64.0,66.0,66.0,65.0,1.0,French Ligue 1,ESTAC Troyes,62.0,61.8,65.8,61.0,15.65,64.6
66.0,82.0,1000.0,17.0,182.0,73.0,1.0,75.0,66.0,53.0,68.0,49.0,1.0,French Ligue 1,Angers SCO,60.0,51.4,60.0,46.833333333333336,12.983333333333334,65.4
65.0,78.0,4000.0,21.0,191.0,82.0,1.0,60.0,40.0,57.0,51.0,72.0,0.0,French Ligue 1,Angers SCO,51.0,49.0,60.6,50.166666666666664,14.65,52.2
65.0,75.0,4000.0,21.0,186.0,82.0,1.0,63.0,58.0,61.0,68.0,66.0,0.0,French Ligue 1,Stade Brestois 29,50.8,61.2,65.8,57.5,14.816666666666668,64.0
65.0,76.0,5000.0,21.0,186.0,85.0,1.0,65.0,48.0,62.0,62.0,66.0,0.0,German 1. Bundesliga,Sport-Club Freiburg,52.6,56.6,63.4,56.166666666666664,15.316666666666668,62.4
62.0,81.0,1000.0,18.0,184.0,80.0,1.0,79.0,31.0,56.0,63.0,68.0,0.0,German 1. Bundesliga,Borussia Mönchengladbach,42.4,52.6,53.4,52.833333333333336,15.316666666666668,74.8
62.0,80.0,2000.0,18.0,173.0,65.0,1.0,79.0,46.0,56.0,58.0,58.0,0.0,English Premier League,Southampton,51.4,51.8,54.6,55.166666666666664,16.483333333333334,70.2
